{"type":"OeBuildPlan","dependentArtifacts":null,"customAttributes":[{"constraints":"{}","description":"","name":"FirstNicTeamName","value":"team0","type":"string"},{"constraints":"{\"unit\":\"GiB\"}","description":"","name":"LogicalVolumeSize","value":"15","type":"number"},{"constraints":"{}","description":"","name":"SSH","value":"Enabled","type":"string"},{"constraints":"{}","description":"","name":"NewUsers","value":"","type":"string"},{"constraints":"{\"maxlen\":\"10\"}","description":"","name":"NewUsersPassword","value":"","type":"password"},{"constraints":"{}","description":"","name":"DiskName","value":"/dev/sda","type":"string"},{"constraints":"{\"unit\":\"GiB\"}","description":"","name":"FirstPartitionSize","value":"10","type":"number"},{"constraints":"{\"ipv4static\":false,\"ipv4dhcp\":true,\"ipv4disable\":true,\"parameters\":[\"mac\"]}","description":"","name":"Team1NIC2","value":null,"type":"nic"},{"constraints":"{\"unit\":\"GiB\"}","description":"","name":"SecondPartitionSize","value":"10","type":"number"},{"constraints":"{}","description":"","name":"TotalNicTeamings","value":"1","type":"string"},{"constraints":"{\"ipv4static\":true,\"ipv4dhcp\":true,\"ipv4disable\":true,\"parameters\":[\"dns1\",\"dns2\",\"domain\",\"gateway\",\"ipaddress\",\"mac\",\"netmask\"]}","description":"","name":"Team1NIC1","value":null,"type":"nic"},{"constraints":"{}","description":"","name":"SecondNicTeamName","value":"team1","type":"string"},{"constraints":"{\"ipv4static\":false,\"ipv4dhcp\":true,\"ipv4disable\":true,\"parameters\":[\"mac\"]}","description":"","name":"Team0NIC2","value":null,"type":"nic"},{"constraints":"{\"ipv4static\":true,\"ipv4dhcp\":true,\"ipv4disable\":true,\"parameters\":[\"dns1\",\"dns2\",\"domain\",\"gateway\",\"ipaddress\",\"mac\",\"netmask\"]}","description":"","name":"Team0NIC1","value":null,"type":"nic"},{"constraints":"{}","description":"","name":"LogicalVolumeName","value":"new_vol","type":"string"},{"constraints":"{\"helpText\":\"\"}","description":"","name":"DomainName","value":"","type":"fqdn"},{"constraints":"{\"maxlen\":\"10\"}","description":"","name":"NewRootPassword","value":"","type":"password"},{"constraints":"{}","description":"","name":"LogicalVolumeGroupName","value":"new_vol_group","type":"string"}],"buildStep":[{"planScriptUri":"/rest/plan-scripts/deba3c88-437a-4da7-842d-775498c7b7d9","planScriptName":"RHEL-7.3-mount-and-validate-2017-03-15","serialNumber":"1","parameters":null},{"planScriptUri":"/rest/plan-scripts/462c265c-be3c-42b9-be81-e34006a0750b","planScriptName":"RHEL-7.3-configure-users-2017-03-15","serialNumber":"2","parameters":null},{"planScriptUri":"/rest/plan-scripts/19f4f200-551c-4015-86e1-1ea96686b545","planScriptName":"RHEL-7.3-configure-multiple-NIC-teaming-2017-03-15","serialNumber":"3","parameters":null},{"planScriptUri":"/rest/plan-scripts/0d0ab0f7-08a5-476b-81d6-936abe4eb63e","planScriptName":"RHEL-7.3-configure-hostname-2017-03-15","serialNumber":"4","parameters":null},{"planScriptUri":"/rest/plan-scripts/166c55d5-724d-48a3-865e-75b60a5e6523","planScriptName":"RHEL-7.3-manage-security-services-2017-04-20","serialNumber":"5","parameters":null},{"planScriptUri":"/rest/plan-scripts/36912796-65c4-40ff-bdd4-29d8a1c7ff80","planScriptName":"RHEL-7.3-configure-partition-using-LVM-2017-03-15","serialNumber":"6","parameters":null},{"planScriptUri":"/rest/plan-scripts/fc20e7c4-dfcd-4867-bd5d-2f5456872b5e","planScriptName":"RHEL-7.3-unmount-2017-03-15","serialNumber":"7","parameters":null}],"eTag":null,"created":null,"modified":null,"etag":null,"hpProvided":true,"buildPlanid":"1dcd8490-a239-4564-a191-d7e110c131c0","oeBuildPlanType":"deploy","category":null,"description":"Personalize RHEL 7.3 and configure NIC teamings.\n\n(c) Copyright 2017 Hewlett Packard Enterprise Development LP\n\nLicensed under the Apache License, Version 2.0 (the \"License\");...","status":null,"uri":null,"name":"RHEL-7.3-personalize-and-NIC-teamings-LVM-BP-2017-04-20"}