{"type":"OeBuildPlan","dependentArtifacts":null,"customAttributes":[],"buildStep":[{"planScriptUri":"/rest/plan-scripts/a2890a9b-6378-4a47-8f65-747e3b315862","planScriptName":"RHEL-7.3-mount-generalize-2017-03-15","serialNumber":"1","parameters":null},{"planScriptUri":"/rest/plan-scripts/3f2c5ec1-a5c2-4548-a4ca-65d95b7455e5","planScriptName":"RHEL-7.3-generalize-host-2017-03-15","serialNumber":"2","parameters":null},{"planScriptUri":"/rest/plan-scripts/ba346e63-2f6a-47f7-a317-f7f8f33b6f59","planScriptName":"RHEL-7.3-generalize-users-2017-03-15","serialNumber":"3","parameters":null},{"planScriptUri":"/rest/plan-scripts/e08ea5fb-9203-4e85-a40a-aeeb2cdb6df0","planScriptName":"RHEL-7.3-generalize-network-2017-03-15","serialNumber":"4","parameters":null},{"planScriptUri":"/rest/plan-scripts/80e56148-ef1f-401b-97b5-9d041835584a","planScriptName":"RHEL-7.3-unmount-generalize-2017-03-15","serialNumber":"5","parameters":null}],"eTag":null,"created":null,"modified":null,"etag":null,"hpProvided":true,"buildPlanid":"5238fa14-0f8b-41ab-99f4-e79226d65422","oeBuildPlanType":"capture","category":null,"description":"Remove personalization settings from RHEL 7.3.\n\n(c) Copyright 2017 Hewlett Packard Enterprise Development LP\n\nLicensed under the Apache License, Version 2.0 (the \"License\");...","status":null,"uri":null,"name":"RHEL-7.3-generalize-2017-03-23"}