{"type":"OeBuildPlan","dependentArtifacts":null,"customAttributes":[{"constraints":"{\"unit\":\"GiB\"}","description":"","name":"LogicalVolumeSize","value":"15","type":"number"},{"constraints":"{}","description":"","name":"SSH","value":"Enabled","type":"string"},{"constraints":"{}","description":"","name":"NewUsers","value":"","type":"string"},{"constraints":"{\"maxlen\":\"10\"}","description":"","name":"NewUsersPassword","value":"","type":"password"},{"constraints":"{}","description":"","name":"TotalMgmtNICs","value":"1","type":"string"},{"constraints":"{}","description":"","name":"DiskName","value":"/dev/sda","type":"string"},{"constraints":"{\"unit\":\"GiB\"}","description":"","name":"FirstPartitionSize","value":"10","type":"number"},{"constraints":"{\"unit\":\"GiB\"}","description":"","name":"SecondPartitionSize","value":"10","type":"number"},{"constraints":"{\"helpText\":\"\"}","description":"","name":"DomainName","value":"","type":"fqdn"},{"constraints":"{}","description":"","name":"LogicalVolumeName","value":"new_vol","type":"string"},{"constraints":"{\"ipv4static\":true,\"ipv4dhcp\":true,\"ipv4disable\":true,\"parameters\":[\"dns1\",\"dns2\",\"domain\",\"gateway\",\"ipaddress\",\"mac\",\"netmask\"]}","description":"","name":"ManagementNIC3","value":null,"type":"nic"},{"constraints":"{\"maxlen\":\"10\"}","description":"","name":"NewRootPassword","value":"","type":"password"},{"constraints":"{\"ipv4static\":true,\"ipv4dhcp\":true,\"ipv4disable\":true,\"parameters\":[\"dns1\",\"dns2\",\"domain\",\"gateway\",\"ipaddress\",\"mac\",\"netmask\"]}","description":"","name":"ManagementNIC4","value":null,"type":"nic"},{"constraints":"{\"ipv4static\":true,\"ipv4dhcp\":true,\"ipv4disable\":true,\"parameters\":[\"dns1\",\"dns2\",\"domain\",\"gateway\",\"ipaddress\",\"mac\",\"netmask\"]}","description":"","name":"ManagementNIC1","value":null,"type":"nic"},{"constraints":"{}","description":"","name":"LogicalVolumeGroupName","value":"new_vol_group","type":"string"},{"constraints":"{\"ipv4static\":true,\"ipv4dhcp\":true,\"ipv4disable\":true,\"parameters\":[\"dns1\",\"dns2\",\"domain\",\"gateway\",\"ipaddress\",\"mac\",\"netmask\"]}","description":"","name":"ManagementNIC2","value":null,"type":"nic"}],"buildStep":[{"planScriptUri":"/rest/plan-scripts/deba3c88-437a-4da7-842d-775498c7b7d9","planScriptName":"RHEL-7.3-mount-and-validate-2017-03-15","serialNumber":"1","parameters":null},{"planScriptUri":"/rest/plan-scripts/462c265c-be3c-42b9-be81-e34006a0750b","planScriptName":"RHEL-7.3-configure-users-2017-03-15","serialNumber":"2","parameters":null},{"planScriptUri":"/rest/plan-scripts/0a35d774-4060-4870-a27f-ab63d53b82e8","planScriptName":"RHEL-7.3-configure-multiple-NICs-2017-03-15","serialNumber":"3","parameters":null},{"planScriptUri":"/rest/plan-scripts/0d0ab0f7-08a5-476b-81d6-936abe4eb63e","planScriptName":"RHEL-7.3-configure-hostname-2017-03-15","serialNumber":"4","parameters":null},{"planScriptUri":"/rest/plan-scripts/166c55d5-724d-48a3-865e-75b60a5e6523","planScriptName":"RHEL-7.3-manage-security-services-2017-04-20","serialNumber":"5","parameters":null},{"planScriptUri":"/rest/plan-scripts/36912796-65c4-40ff-bdd4-29d8a1c7ff80","planScriptName":"RHEL-7.3-configure-partition-using-LVM-2017-03-15","serialNumber":"6","parameters":null},{"planScriptUri":"/rest/plan-scripts/fc20e7c4-dfcd-4867-bd5d-2f5456872b5e","planScriptName":"RHEL-7.3-unmount-2017-03-15","serialNumber":"7","parameters":null}],"eTag":null,"created":null,"modified":null,"etag":null,"hpProvided":true,"buildPlanid":"7585d76d-9845-4714-a726-0ebc3b17610b","oeBuildPlanType":"deploy","category":null,"description":"Personalize RHEL 7.3 and configure NICs.\n\n(c) Copyright 2017 Hewlett Packard Enterprise Development LP\n\nLicensed under the Apache License, Version 2.0 (the \"License\");...","status":null,"uri":null,"name":"RHEL-7.3-personalize-and-configure-NICs-LVM-BP-2017-04-20"}