{"type":"PlanScript","dependentArtifacts":null,"hpProvided":true,"eTag":null,"created":null,"modified":null,"customAttributes":null,"planType":"general","category":null,"description":"It removes the temporary directory created during mount and unmounts from the root partition.","status":null,"uri":null,"name":"RHEL-7.3-unmount-2017-03-15","id":"fc20e7c4-dfcd-4867-bd5d-2f5456872b5e","state":null,"content":"# (c) Copyright 2017 Hewlett Packard Enterprise Development LP\n#\n# Licensed under the Apache License, Version 2.0 (the \"License\");\n# you may not use this file except in compliance with the License.\n# You may obtain a copy of the License at http://www.apache.org/licenses/LICENSE-2.0\n#\n# Unless required by applicable law or agreed to in writing, software distributed\n# under the License is distributed on an \"AS IS\" BASIS, WITHOUT WARRANTIES OR\n# CONDITIONS OF ANY KIND, either express or implied. See the License for the\n# specific language governing permissions and limitations under the License.\n\n!echo \"mv -f /etc/rc.d/rc.local.backup /etc/rc.d/rc.local\" >> ./rc.local\n\n#upload rc.local\nupload ./rc.local /etc/rc.d/rc.local\nchmod 755 /etc/rc.d/rc.local\n#Upload backup file.\nupload ./rc.local.backup /etc/rc.d/rc.local.backup\n\necho \"####\"\ncat /etc/rc.d/rc.local\necho \"####\"\n\n#Remove the temporary directpory created\nrm-rf /tmp/ImageStreamer\n\n#unmount the root partition\n\nunmount /"}