{"type":"PlanScript","dependentArtifacts":null,"hpProvided":true,"eTag":null,"created":null,"modified":null,"customAttributes":null,"planType":"deploy","description":"Creates a partition on the disk based on user requirement.","category":null,"uri":null,"status":null,"name":"RHEL-7.3-configure-partition-using-LVM-2017-03-15","id":"6c4a1d7f-d4f1-4772-86ff-9fe62f2157b8","state":null,"content":"# (c) Copyright 2017 Hewlett Packard Enterprise Development LP\n#\n# Licensed under the Apache License, Version 2.0 (the \"License\");\n# you may not use this file except in compliance with the License.\n# You may obtain a copy of the License at http://www.apache.org/licenses/LICENSE-2.0\n#\n# Unless required by applicable law or agreed to in writing, software distributed\n# under the License is distributed on an \"AS IS\" BASIS, WITHOUT WARRANTIES OR\n# CONDITIONS OF ANY KIND, either express or implied. See the License for the\n# specific language governing permissions and limitations under the License.\n\nupload -<<END /tmp/Configure_LVM\n#! /bin/bash\n# to create the partitions programatically (rather than manually)\n# we're going to simulate the manual input to fdisk\n# The sed script strips off all the comments so that we can \n# document what we're doing in-line with the actual commands\n# Note that a blank line (commented as \"defualt\" will send a empty\n# line terminated with a newline to take the fdisk default.\nsed -e 's/\\s*\\([\\+0-9a-zA-Z]*\\).*/\\1/' << EOF | fdisk @DiskName:/dev/sda@\n  o # clear the in memory partition table\n  n # new partition\n  p # primary partition\n  1 # partition number 1\n    # default - start at beginning of disk \n  +@FirstPartitionSize:10@G # boot parttion\n  n # new partition\n  p # primary partition\n  2 # partion number 2\n    # default, start immediately after preceding partition\n  +@SecondPartitionSize:10@G # leave blank(default) to extend partition to end of disk\n  a # make a partition bootable\n  1 # bootable partition is partition 1 -- /dev/sda1\n  p # print the in-memory partition table\n  w # write the partition table\n  q # and we're done\nEOF\n\n#list all disks and partitions\nlsblk \n\n#create physical volume\npvcreate @DiskName:/dev/sda@1 @DiskName:/dev/sda@2\n\n#create physical volume forcefully \nif [ ! $? -eq 0 ]; then\necho y | pvcreate -ff @DiskName:/dev/sda@1\necho y | pvcreate -ff @DiskName:/dev/sda@2\nfi\n\npvdisplay\n\n#create logical volume group\nvgcreate @LogicalVolumeGroupName:new_vol_group@ @DiskName:/dev/sda@1 @DiskName:/dev/sda@2\nvgs\n\n#create logical volume\nlvcreate -L@LogicalVolumeSize:15@G -n @LogicalVolumeName:new_vol@ @LogicalVolumeGroupName:new_vol_group@\nlvs\n\n#create ext4 filesystem\nmkfs.ext4 /dev/@LogicalVolumeGroupName:new_vol_group@/@LogicalVolumeName:new_vol@\n\nmkdir /root/LVM-Data1\n\nmount /dev/@LogicalVolumeGroupName:new_vol_group@/@LogicalVolumeName:new_vol@ /root/LVM-Data1\nif [ $? -eq 0 ]; then\n\tsed -i -e '$a\\#This file has been altered by Image Streamer.' /etc/fstab\n\tsed -i -e '$a\\/dev/@LogicalVolumeGroupName:new_vol_group@/@LogicalVolumeName:new_vol@ /root/LVM-Data1 ext4 defaults 0 0' /etc/fstab\nelse\n\trm -rf /root/LVM-Data1\nfi\nunlink $0\n\nEND\n\n!echo \"sh /tmp/Configure_LVM\" >> rc.local"}