{"type":"OeBuildPlan","dependentArtifacts":null,"customAttributes":[{"constraints":"{\"options\":[\"Enabled\",\"Disabled\"]}","description":"","name":"SSH","value":"Enabled","type":"option"},{"constraints":"{\"unit\":\"GiB\"}","description":"","name":"LogicalVolumeSize","value":"15","type":"number"},{"constraints":"{}","description":"","name":"NewUsers","value":"","type":"string"},{"constraints":"{\"maxlen\":\"10\"}","description":"","name":"NewUsersPassword","value":"","type":"password"},{"constraints":"{}","description":"","name":"TotalMgmtNICs","value":"1","type":"string"},{"constraints":"{}","description":"","name":"DiskName","value":"/dev/sda","type":"string"},{"constraints":"{\"unit\":\"GiB\"}","description":"","name":"FirstPartitionSize","value":"10","type":"number"},{"constraints":"{\"unit\":\"GiB\"}","description":"","name":"SecondPartitionSize","value":"10","type":"number"},{"constraints":"{}","description":"","name":"LogicalVolumeName","value":"new_vol","type":"string"},{"constraints":"{\"helpText\":\"\"}","description":"","name":"DomainName","value":"","type":"fqdn"},{"constraints":"{\"maxlen\":\"10\"}","description":"","name":"NewRootPassword","value":"","type":"password"},{"constraints":"{\"ipv4static\":true,\"ipv4dhcp\":true,\"ipv4disable\":true,\"parameters\":[\"dns1\",\"dns2\",\"domain\",\"gateway\",\"ipaddress\",\"mac\",\"netmask\"]}","description":"","name":"ManagementNIC3","value":null,"type":"nic"},{"constraints":"{\"ipv4static\":true,\"ipv4dhcp\":true,\"ipv4disable\":true,\"parameters\":[\"dns1\",\"dns2\",\"domain\",\"gateway\",\"ipaddress\",\"mac\",\"netmask\"]}","description":"","name":"ManagementNIC4","value":null,"type":"nic"},{"constraints":"{\"ipv4static\":true,\"ipv4dhcp\":true,\"ipv4disable\":true,\"parameters\":[\"dns1\",\"dns2\",\"domain\",\"gateway\",\"ipaddress\",\"mac\",\"netmask\"]}","description":"","name":"ManagementNIC1","value":null,"type":"nic"},{"constraints":"{}","description":"","name":"LogicalVolumeGroupName","value":"new_vol_group","type":"string"},{"constraints":"{\"ipv4static\":true,\"ipv4dhcp\":true,\"ipv4disable\":true,\"parameters\":[\"dns1\",\"dns2\",\"domain\",\"gateway\",\"ipaddress\",\"mac\",\"netmask\"]}","description":"","name":"ManagementNIC2","value":null,"type":"nic"}],"buildStep":[{"planScriptName":"RHEL-7.3-mount-and-validate-2017-03-15","planScriptUri":"/rest/plan-scripts/960e3538-ddf4-47ba-b204-0d39c24a6bdd","serialNumber":"1","parameters":null},{"planScriptName":"RHEL-7.3-configure-users-2017-03-15","planScriptUri":"/rest/plan-scripts/2a3f168d-05b1-4eb6-9083-b30b2d2b8c27","serialNumber":"2","parameters":null},{"planScriptName":"RHEL-7.3-configure-multiple-NICs-2017-03-15","planScriptUri":"/rest/plan-scripts/36a0bb9b-7ffc-4567-a644-ca472f3734da","serialNumber":"3","parameters":null},{"planScriptName":"RHEL-7.3-configure-hostname-2017-03-15","planScriptUri":"/rest/plan-scripts/3d3f84a5-9482-4731-aff4-b05af5720105","serialNumber":"4","parameters":null},{"planScriptName":"RHEL-7.3-manage-security-services-2017-03-15","planScriptUri":"/rest/plan-scripts/f8d0ef6a-dd58-4b46-a9eb-79914ed01887","serialNumber":"5","parameters":null},{"planScriptName":"RHEL-7.3-configure-partition-using-LVM-2017-03-15","planScriptUri":"/rest/plan-scripts/6c4a1d7f-d4f1-4772-86ff-9fe62f2157b8","serialNumber":"6","parameters":null},{"planScriptName":"RHEL-7.3-unmount-2017-03-15","planScriptUri":"/rest/plan-scripts/da9f420e-7d11-4d38-828e-9a01d8641020","serialNumber":"7","parameters":null}],"eTag":null,"created":null,"modified":null,"hpProvided":true,"buildPlanid":"977499a9-9c5b-44c9-986a-a1d1c5468cad","oeBuildPlanType":"deploy","description":"Personalize RHEL 7.3 and configure NICs","category":null,"uri":null,"status":null,"name":"RHEL-7.3-personalize-and-configure-NICs-LVM-BP-2017-03-15"}