{"type":"OeBuildPlan","dependentArtifacts":null,"customAttributes":[],"buildStep":[{"planScriptName":"RHEL-7.3-mount-generalize-2017-03-15","planScriptUri":"/rest/plan-scripts/283abecb-c01c-4430-933f-bbbec5dd3a6e","serialNumber":"1","parameters":null},{"planScriptName":"RHEL-7.3-generalize-host-2017-03-15","planScriptUri":"/rest/plan-scripts/bd94845c-d675-4656-9c24-53b29686f6a5","serialNumber":"2","parameters":null},{"planScriptName":"RHEL-7.3-generalize-users-2017-03-15","planScriptUri":"/rest/plan-scripts/12078408-ecb4-4e53-9f05-b3e81905ccca","serialNumber":"3","parameters":null},{"planScriptName":"RHEL-7.3-generalize-network-2017-03-15","planScriptUri":"/rest/plan-scripts/6b17299b-3993-48a8-92b4-cb011b2f6b21","serialNumber":"4","parameters":null},{"planScriptName":"RHEL-7.3-unmount-generalize-2017-03-15","planScriptUri":"/rest/plan-scripts/9090e936-0b25-46dc-ae9c-6927ef933028","serialNumber":"5","parameters":null}],"eTag":null,"created":null,"modified":null,"hpProvided":true,"buildPlanid":"e7d6744a-d8f8-4c0e-aeb9-57bc1aeaeadd","oeBuildPlanType":"capture","description":"Remove personalization settings from RHEL 7.3","category":null,"uri":null,"status":null,"name":"RHEL-7.3-generalize-2017-03-15"}