{"type":"OeBuildPlan","uri":null,"category":null,"eTag":null,"created":null,"modified":null,"buildPlanid":"63b3ed9c-bfbf-4855-aa14-686a7eb21e1c","name":"HPE-RHEL8-EFI-personalize-and-configure-NIC-teamings-LVM-2020-04-08","description":"Personalizes RHEL8 for XFS Partition using EFI and configures NIC teaming (c) Copyright 2018-2020 Hewlett Packard Enterprise Development LP Licensed under the Apache License, Version 2.0 (the \"License\");...","status":null,"hpProvided":true,"oeBuildPlanType":"deploy","buildStep":[{"planScriptUri":"/rest/plan-scripts/99ce472e-a12e-4f65-88ed-f26a730bc392","serialNumber":"1","parameters":null,"planScriptName":"HPE-RHEL8-EFI-mount-2019-03-21"},{"planScriptUri":"/rest/plan-scripts/573bbf7f-a851-4d83-8b28-a3b8d4f8c8c1","serialNumber":"2","parameters":null,"planScriptName":"HPE-RHEL8-EFI-wrapper-2019-03-21"},{"planScriptUri":"/rest/plan-scripts/95bbf32a-51bd-4718-915a-985ce92c55cd","serialNumber":"3","parameters":null,"planScriptName":"HPE-RHEL8-EFI-configure-deployment-NIC-teaming-2020-04-06"},{"planScriptUri":"/rest/plan-scripts/94f7b3a0-a020-4842-aa55-0bf343478d39","serialNumber":"4","parameters":null,"planScriptName":"HPE-RHEL8-EFI-configure-management-NIC-teaming-2020-04-08"},{"planScriptUri":"/rest/plan-scripts/3465f01d-98af-45a0-b411-60b162cb5f0b","serialNumber":"5","parameters":null,"planScriptName":"HPE-RHEL8-EFI-configure-users-2019-03-21"},{"planScriptUri":"/rest/plan-scripts/056df3ca-bc4e-4775-afe3-5834c7fdd17e","serialNumber":"6","parameters":null,"planScriptName":"HPE-RHEL8-EFI-configure-hostname-2019-03-21"},{"planScriptUri":"/rest/plan-scripts/ea0a062a-0a35-4d75-a95a-a85c9f52bbba","serialNumber":"7","parameters":null,"planScriptName":"HPE-RHEL8-EFI-manage-security-services-2019-03-21"},{"planScriptUri":"/rest/plan-scripts/8c6cf7a1-73ac-4de3-baaa-c50f27f430e9","serialNumber":"8","parameters":null,"planScriptName":"HPE-RHEL8-EFI-configure-partition-using-LVM-2019-05-01"},{"planScriptUri":"/rest/plan-scripts/741f4e2c-95e1-4e83-a2e5-3794e23b0f4d","serialNumber":"9","parameters":null,"planScriptName":"HPE-RHEL8-EFI-unmount-2019-03-21"}],"customAttributes":[{"name":"Team1NIC2","description":"The mac sub-attribute is a mandatory field in NIC type custom attributes.","value":null,"constraints":"{\"ipv4static\":true,\"ipv4dhcp\":true,\"ipv4disable\":true,\"parameters\":[\"mac\",\"vlanid\"]}","type":"nic"},{"name":"Team1NIC1","description":"The mac sub-attribute is a mandatory field in NIC type custom attributes.","value":null,"constraints":"{\"ipv4static\":true,\"ipv4dhcp\":true,\"ipv4disable\":true,\"parameters\":[\"dns1\",\"dns2\",\"domain\",\"gateway\",\"ipaddress\",\"mac\",\"netmask\",\"vlanid\"]}","type":"nic"},{"name":"LvmVolumeName","description":"A name for the logical volume created on the host.","value":"new_vol","constraints":"{\"regex\":\"\",\"helpText\":\"\",\"options\":[\"new_vol\"]}","type":"string"},{"name":"DomainName","description":"Domain name for the host.","value":"","constraints":"{\"helpText\":\"\"}","type":"fqdn"},{"name":"FirstPartitionSize","description":"A partition size for the first partition on the disk.","value":"10","constraints":"{\"unit\":\"GB\"}","type":"number"},{"name":"SSH","description":"SSH service to enable clients to connect via SSH protocol.","value":"Enable","constraints":"{\"options\":[\"Enable\",\"Disable\"]}","type":"option"},{"name":"DiskName","description":"The disk partition prefix for e.g. \"/dev/sda\" to be able to create partitions on the volume.","value":"/dev/sda","constraints":"{\"regex\":\"\",\"helpText\":\"\"}","type":"string"},{"name":"Team0NIC1","description":"The mac sub-attribute is a mandatory field in NIC type custom attributes.","value":null,"constraints":"{\"ipv4static\":true,\"ipv4dhcp\":true,\"ipv4disable\":false,\"parameters\":[\"dns1\",\"dns2\",\"domain\",\"gateway\",\"ipaddress\",\"mac\",\"netmask\",\"vlanid\"]}","type":"nic"},{"name":"NewRootPassword","description":"Password for the new root user.","value":"","constraints":"{\"maxlen\":\"20\"}","type":"password"},{"name":"Team0NIC2","description":"The mac sub-attribute is a mandatory field in NIC type custom attributes.","value":null,"constraints":"{\"ipv4static\":true,\"ipv4dhcp\":true,\"ipv4disable\":false,\"parameters\":[\"mac\",\"vlanid\"]}","type":"nic"},{"name":"LvmVolumeSize","description":"Size for the logical volume to be created on the host.","value":"16","constraints":"{\"unit\":\"GB\"}","type":"number"},{"name":"NICTeam0Name","description":"Name of the NICTeam0","value":"team0","constraints":"{\"regex\":\"\",\"helpText\":\"\",\"options\":[\"team0\"]}","type":"string"},{"name":"FileSystem","description":"Type of FileSystem","value":"Disabled","constraints":"{\"options\":[\"XFS\",\"EXT4\",\"BTRFS\",\"Disabled\"]}","type":"option"},{"name":"NICTeam1Name","description":"Name of NICTeam1","value":"team1","constraints":"{\"regex\":\"\",\"helpText\":\"\"}","type":"string"},{"name":"NewUsersPassword","description":"Password for the new user to be created on the server.","value":"","constraints":"{\"maxlen\":\"20\"}","type":"password"},{"name":"SecondPartitionSize","description":"A partition size for the second partition created on the volume.","value":"10","constraints":"{\"unit\":\"GB\"}","type":"number"},{"name":"TotalNICTeamings","description":"A count to keep track of the total teaming to be done on the host.","value":"1","constraints":"{\"minimum\":\"1\",\"maximum\":\"2\"}","type":"number"},{"name":"HostName","description":"Hostname for RHEL host. The hostname value can be defined manually or by using the tokens. This value must conform to valid hostname requirement defined by Internet standards.","value":"","constraints":"{\"helpText\":\"\"}","type":"hostname"},{"name":"NewUser","description":"New user to be created on the server.","value":"","constraints":"{\"regex\":\"\",\"helpText\":\"\"}","type":"string"},{"name":"LvmVolumeGroupName","description":"A name for the logical volume group created on the host.","value":"new_vol_group","constraints":"{\"regex\":\"\",\"helpText\":\"\",\"options\":[\"new_vol_group\"]}","type":"string"}],"dependentArtifacts":null}