{"type":"PlanScript","uri":null,"category":null,"eTag":null,"created":null,"modified":null,"id":"48c0785a-b41a-419c-995d-0ef65cc1cd91","name":"RHEL-configure-deployment-NIC-teaming-2017-12-12","description":"script to configure deployment interface teaming (also known as ibftNic teaming)","status":null,"state":null,"planType":"deploy","content":"#RHEL script to configure NIC teaming on deployment nics\n\nupload -<<END /etc/init.d/ibftT\n#! /bin/bash\n# chkconfig: 345 99 10\n# description: enable nic teaming for ibft interfaces\n\ncase \"$1\" in\n  start)\n        FOUNDibftTeam=`grep \"ibftTeam\" /proc/net/dev`\n        echo \"Running ibft team script\"\n        if  [ -n \"$FOUNDibftTeam\" ] ; then\n            echo \"Deleting existing team\"\n            nmcli con del ibftTeam\n            nmcli con del ibftTeam-port1\n            nmcli con del ibftTeam-port0\n        fi\n        FOUNDibft1=`grep \"ibft1\" /proc/net/dev`\n\t\tFOUNDibft0=`grep \"ibft0\" /proc/net/dev`\n        echo \"ibft1 : $FOUNDibft1\"\n        if  [ -n \"$FOUNDibft1\" ] ; then\n            #echo yes\n            #Get ibft1 IP, and use as team interface IP\n            ibftIP=`ip addr list ibft1 |grep -w \"inet\" |cut -d' ' -f6|cut -d'/' -f1`\n            ibftIPMask=`ip addr list ibft1 |grep -w \"inet\" |cut -d' ' -f6|cut -d'/' -f2`\n            echo \"$ibftIP\"\n\t\telse\n\t\t\t#if ibft1 ip is down, atleast one of the ibft interface should be up\n\t\t\tibftIP=`ip addr list ibft0 |grep -w \"inet\" |cut -d' ' -f6|cut -d'/' -f1`\n            ibftIPMask=`ip addr list ibft0 |grep -w \"inet\" |cut -d' ' -f6|cut -d'/' -f2`\n\t\t\n        fi\n\t\tnmcli con add con-name ibftTeam ifname ibftTeam type team autoconnect yes config '{ \"runner\": {\"name\": \"activebackup\"}}' ip4 $ibftIP/$ibftIPMask\n        if [ -n \"$FOUNDibft0\" ]; then\n\t\tnmcli connection add type team-slave con-name ibftTeam-port0 ifname ibft0 master ibftTeam\n        nmcli connection up ibftTeam-port0\n\t\tfi\n\t\tif [ -n \"$FOUNDibft1\" ]; then \n        nmcli connection add type team-slave con-name ibftTeam-port1 ifname ibft1 master ibftTeam\n        nmcli connection up ibftTeam-port1\n\t\tfi\n        echo \"Completed ibft team configuration\"\n        ;;\n  *)\n        echo \"Usage: /sbin/service new-service {start|stop}\"\n        exit 1\nesac\nexit 0\nEND\n\n#Parent script for NIC Teaming.\nupload -<<END /temp/ImageStreamer/ibft-teaming-configuration\n#! /bin/bash\n\necho \"chmod 755 /etc/init.d/ibftT\" >> ./rc.local\necho \"chkconfig --add ibftT\" >> ./rc.local\n#echo \"service network restart\" >> ./rc.local\necho \"(sleep 120;  service ibftT start) &\" >> ./rc.local\n\nEND\n\ndownload /temp/ImageStreamer/ibft-teaming-configuration ./ibft-teaming-configuration\n!source ./ibft-teaming-configuration","customAttributes":null,"hpProvided":true,"dependentArtifacts":null}