{"type":"OeBuildPlan","uri":null,"category":null,"eTag":null,"created":null,"modified":null,"buildPlanid":"5d662319-595a-45e6-a2d4-f2e8b798c1fa","name":"RHEL-personalize-and-configure-NICs-LVM-BP-2018-09-11","description":"Personalizes RHEL 7.X and configures NIC teaming (c) Copyright 2017 Hewlett Packard Enterprise Development LP Licensed under the Apache License, Version 2.0 (the \"License\");...","status":null,"hpProvided":false,"oeBuildPlanType":"deploy","buildStep":[{"planScriptUri":"/rest/plan-scripts/f194effc-c2c3-48ea-abea-0ffe8665176c","serialNumber":"1","parameters":null,"planScriptName":"RHEL-mount-and-validate-2017-12-12"},{"planScriptUri":"/rest/plan-scripts/20390d90-977e-49a8-988f-0419fb98c94b","serialNumber":"2","parameters":null,"planScriptName":"RHEL-configure-users-2018-06-27"},{"planScriptUri":"/rest/plan-scripts/127a4738-7c5d-477e-9257-b246f6896391","serialNumber":"3","parameters":null,"planScriptName":"RHEL-configure-multiple-NICs-2017-12-15"},{"planScriptUri":"/rest/plan-scripts/2c50e880-9f7e-48e6-a538-115ab4e9a4fe","serialNumber":"4","parameters":null,"planScriptName":"RHEL-configure-hostname-2017-12-12"},{"planScriptUri":"/rest/plan-scripts/a7039ed9-d47a-4f8b-9f93-c9f8e78170a9","serialNumber":"5","parameters":null,"planScriptName":"RHEL-manage-security-services-2017-12-12"},{"planScriptUri":"/rest/plan-scripts/2847707d-25af-443f-b747-496789d4f339","serialNumber":"6","parameters":null,"planScriptName":"RHEL-configure-partition-using-LVM-2017-12-12"},{"planScriptUri":"/rest/plan-scripts/7632ec2a-a44d-4497-a925-a80f1269f1cb","serialNumber":"7","parameters":null,"planScriptName":"RHEL-unmount-2017-12-12"}],"customAttributes":[{"name":"DomainName","description":"Domain name for the host","value":"","constraints":"{\"helpText\":\"\"}","type":"fqdn"},{"name":"FirstPartitionSize","description":"A partition size for the first partition on the disk","value":"10","constraints":"{}","type":"number"},{"name":"SSH","description":"SSH service to enable clients to connect via SSH protocol","value":"Enabled","constraints":"{\"options\":[\"Enabled\",\"Disabled\"]}","type":"option"},{"name":"LogicalVolumeName","description":"A name for the logical volume created on the host","value":"new_vol","constraints":"{\"regex\":\"\",\"helpText\":\"\"}","type":"string"},{"name":"TotalMgmtNICs","description":"A count to keep track of the total teaming to be done on the host","value":"1","constraints":"{}","type":"number"},{"name":"DiskName","description":"The prefix disk name for e.g /dev/sda to configure partitions on the host","value":"/dev/sda","constraints":"{\"regex\":\"\",\"helpText\":\"\"}","type":"string"},{"name":"NewRootPassword","description":"User-defined root password for the server.","value":"","constraints":"{\"maxlen\":\"20\"}","type":"password"},{"name":"LogicalVolumeSize","description":"Size for the logical volume to be created on the host","value":"15","constraints":"{}","type":"number"},{"name":"NewUserPassword","description":"User-defined password for all new users added to the server.","value":"","constraints":"{\"maxlen\":\"20\"}","type":"password"},{"name":"LogicalVolumeGroupName","description":"A name for the logical volume group created on the host","value":"new_vol_group","constraints":"{\"regex\":\"\",\"helpText\":\"\"}","type":"string"},{"name":"ManagementNIC2","description":"Management NIC attributes for NIC2.The mac sub-attribute is a mandatory field in NIC type custom attributes.","value":null,"constraints":"{\"ipv4static\":true,\"ipv4dhcp\":true,\"ipv4disable\":true,\"parameters\":[\"dns1\",\"dns2\",\"domain\",\"gateway\",\"ipaddress\",\"mac\",\"netmask\",\"vlanid\"]}","type":"nic"},{"name":"SecondPartitionSize","description":"A size for the second partition created on the server","value":"10","constraints":"{}","type":"number"},{"name":"ManagementNIC1","description":"Management NIC attributes for NIC1. The mac sub-attribute is a mandatory field in NIC type custom attributes.","value":null,"constraints":"{\"ipv4static\":true,\"ipv4dhcp\":true,\"ipv4disable\":true,\"parameters\":[\"dns1\",\"dns2\",\"domain\",\"gateway\",\"ipaddress\",\"mac\",\"netmask\",\"vlanid\"]}","type":"nic"},{"name":"ManagementNIC4","description":"Management NIC attributes for NIC4.The mac sub-attribute is a mandatory field in NIC type custom attributes.","value":null,"constraints":"{\"ipv4static\":true,\"ipv4dhcp\":true,\"ipv4disable\":true,\"parameters\":[\"dns1\",\"dns2\",\"domain\",\"gateway\",\"ipaddress\",\"mac\",\"netmask\",\"vlanid\"]}","type":"nic"},{"name":"ManagementNIC3","description":"Management NIC attributes for NIC3.The mac sub-attribute is a mandatory field in NIC type custom attributes.","value":null,"constraints":"{\"ipv4static\":true,\"ipv4dhcp\":true,\"ipv4disable\":true,\"parameters\":[\"dns1\",\"dns2\",\"domain\",\"gateway\",\"ipaddress\",\"mac\",\"netmask\",\"vlanid\"]}","type":"nic"},{"name":"HostName","description":"Hostname for RHEL host. The hostname value can be defined manually or by using the tokens. This value must conform to valid hostname requirement defined by Internet standards.","value":"","constraints":"{\"helpText\":\"\",\"options\":[\"\"]}","type":"hostname"},{"name":"NewUser","description":"New user to be created on the server","value":"","constraints":"{\"regex\":\"\",\"helpText\":\"\"}","type":"string"}],"dependentArtifacts":null}