{"type":"OeBuildPlan","uri":null,"category":null,"eTag":null,"created":null,"modified":null,"buildPlanid":"8953b23e-6f89-4a5e-b9de-7f4fc2475d5d","name":"RHEL-personalize-and-NIC-teamings-LVM-BP-2018-09-11","description":"Personalizes RHEL 7.X and configures NIC teaming (c) Copyright 2017 Hewlett Packard Enterprise Development LP Licensed under the Apache License, Version 2.0 (the \"License\");...","status":null,"hpProvided":false,"oeBuildPlanType":"deploy","buildStep":[{"planScriptUri":"/rest/plan-scripts/f194effc-c2c3-48ea-abea-0ffe8665176c","serialNumber":"1","parameters":null,"planScriptName":"RHEL-mount-and-validate-2017-12-12"},{"planScriptUri":"/rest/plan-scripts/20390d90-977e-49a8-988f-0419fb98c94b","serialNumber":"2","parameters":null,"planScriptName":"RHEL-configure-users-2018-06-27"},{"planScriptUri":"/rest/plan-scripts/48c0785a-b41a-419c-995d-0ef65cc1cd91","serialNumber":"3","parameters":null,"planScriptName":"RHEL-configure-deployment-NIC-teaming-2017-12-12"},{"planScriptUri":"/rest/plan-scripts/de1c792c-783a-465a-b785-01359d4247f4","serialNumber":"4","parameters":null,"planScriptName":"RHEL-configure-management-NIC-teaming-2018-02-09"},{"planScriptUri":"/rest/plan-scripts/2c50e880-9f7e-48e6-a538-115ab4e9a4fe","serialNumber":"5","parameters":null,"planScriptName":"RHEL-configure-hostname-2017-12-12"},{"planScriptUri":"/rest/plan-scripts/a7039ed9-d47a-4f8b-9f93-c9f8e78170a9","serialNumber":"6","parameters":null,"planScriptName":"RHEL-manage-security-services-2017-12-12"},{"planScriptUri":"/rest/plan-scripts/2847707d-25af-443f-b747-496789d4f339","serialNumber":"7","parameters":null,"planScriptName":"RHEL-configure-partition-using-LVM-2017-12-12"},{"planScriptUri":"/rest/plan-scripts/7632ec2a-a44d-4497-a925-a80f1269f1cb","serialNumber":"8","parameters":null,"planScriptName":"RHEL-unmount-2017-12-12"}],"customAttributes":[{"name":"Team1NIC2","description":"The mac sub-attribute is a mandatory field in NIC type custom attributes.","value":null,"constraints":"{\"ipv4static\":true,\"ipv4dhcp\":true,\"ipv4disable\":true,\"parameters\":[\"mac\",\"vlanid\"],\"options\":[null]}","type":"nic"},{"name":"Team1NIC1","description":"The mac sub-attribute is a mandatory field in NIC type custom attributes.","value":null,"constraints":"{\"ipv4static\":true,\"ipv4dhcp\":true,\"ipv4disable\":true,\"parameters\":[\"dns1\",\"dns2\",\"domain\",\"gateway\",\"ipaddress\",\"mac\",\"netmask\",\"vlanid\"]}","type":"nic"},{"name":"DomainName","description":"Domain name of the server","value":"","constraints":"{\"helpText\":\"\",\"options\":[\"\"]}","type":"fqdn"},{"name":"FirstPartitionSize","description":"The size for the first partition on the disk","value":"10","constraints":"{\"options\":[\"10\"]}","type":"number"},{"name":"SSH","description":"SSH service to enable clients to connect via SSH protocol","value":"Enabled","constraints":"{\"options\":[\"Enabled\",\"Disabled\"]}","type":"option"},{"name":"LogicalVolumeName","description":"A volume name to the logical volume created","value":"new_vol","constraints":"{\"regex\":\"\",\"helpText\":\"\",\"options\":[\"new_vol\"]}","type":"string"},{"name":"DiskName","description":"The disk partition prefix for e.g. \"/dev/sda\" to be able to create partitions on the volume","value":"/dev/sda","constraints":"{\"regex\":\"\",\"helpText\":\"\",\"options\":[\"/dev/sda\"]}","type":"string"},{"name":"Team0NIC1","description":"The mac sub-attribute is a mandatory field in NIC type custom attributes.","value":null,"constraints":"{\"ipv4static\":true,\"ipv4dhcp\":true,\"ipv4disable\":false,\"parameters\":[\"dns1\",\"dns2\",\"domain\",\"gateway\",\"ipaddress\",\"mac\",\"netmask\",\"vlanid\"]}","type":"nic"},{"name":"NewRootPassword","description":"User-defined root password for the server","value":"","constraints":"{\"maxlen\":\"20\"}","type":"password"},{"name":"Team0NIC2","description":"The mac sub-attribute is a mandatory field in NIC type custom attributes.","value":null,"constraints":"{\"ipv4static\":true,\"ipv4dhcp\":true,\"ipv4disable\":false,\"parameters\":[\"mac\",\"vlanid\"]}","type":"nic"},{"name":"LogicalVolumeSize","description":"A size for the logical volume","value":"15","constraints":"{\"options\":[\"15\"]}","type":"number"},{"name":"NewUserPassword","description":"User-defined password for all new users added to the server.","value":"","constraints":"{\"maxlen\":\"20\"}","type":"password"},{"name":"LogicalVolumeGroupName","description":"A group name to the logical volume created","value":"new_vol_group","constraints":"{\"regex\":\"\",\"helpText\":\"\",\"options\":[\"new_vol_group\"]}","type":"string"},{"name":"NICTeam0Name","description":"provide name for the NIC team 0","value":"team0","constraints":"{\"regex\":\"\",\"helpText\":\"\",\"options\":[\"team0\"]}","type":"string"},{"name":"NICTeam1Name","description":"provide name for NIC Team1","value":"team1","constraints":"{\"regex\":\"\",\"helpText\":\"\"}","type":"string"},{"name":"SecondPartitionSize","description":"A partition size for the second partition created on the volume","value":"10","constraints":"{}","type":"number"},{"name":"TotalNICTeamings","description":"Total NIC teaming used","value":"1","constraints":"{\"options\":[\"1\"]}","type":"number"},{"name":"HostName","description":"Hostname for RHEL host. The hostname value can be defined manually or by using the tokens. This value must conform to valid hostname requirement defined by Internet standards.","value":"","constraints":"{\"helpText\":\"\",\"options\":[\"\"]}","type":"hostname"},{"name":"NewUser","description":"New user to be created on the server","value":"","constraints":"{\"regex\":\"\",\"helpText\":\"\"}","type":"string"}],"dependentArtifacts":null}