{"type":"OeBuildPlan","uri":null,"category":null,"eTag":null,"created":null,"modified":null,"buildPlanid":"e8e23296-33b8-422b-a0d3-6d16ee23cbd2","name":"RHEL-generalize-2018-06-27","description":"Remove personalization settings from RHEL 7.X (c) Copyright 2017 Hewlett Packard Enterprise Development LP Licensed under the Apache License, Version 2.0 (the \"License\");...","status":null,"hpProvided":true,"oeBuildPlanType":"capture","buildStep":[{"planScriptUri":"/rest/plan-scripts/bcef704c-df33-4185-82d1-ab3e2278b8ce","serialNumber":"1","parameters":null,"planScriptName":"RHEL-mount-generalize-2017-12-12"},{"planScriptUri":"/rest/plan-scripts/21b2afc9-dede-4ded-a3aa-270d04f53210","serialNumber":"2","parameters":null,"planScriptName":"RHEL-generalize-host-2017-12-12"},{"planScriptUri":"/rest/plan-scripts/a034bf3e-39cd-4821-9eb2-4e4e21fb6284","serialNumber":"3","parameters":null,"planScriptName":"RHEL-generalize-users-2018-06-27"},{"planScriptUri":"/rest/plan-scripts/ecc0dd0d-8546-4c40-b555-b822fcc1168c","serialNumber":"4","parameters":null,"planScriptName":"RHEL-generalize-network-2017-12-12"},{"planScriptUri":"/rest/plan-scripts/f5593a3e-d10c-49eb-8cba-c6d00491f66a","serialNumber":"5","parameters":null,"planScriptName":"RHEL-unmount-generalize-2017-12-12"}],"customAttributes":[],"dependentArtifacts":null}