{"type":"PlanScript","uri":null,"category":null,"eTag":null,"created":null,"modified":null,"id":"7b5096a5-371b-4db2-9681-e0cad39be3c5","name":"HPE-RHEL8-EFI-configure-hostname-2019-03-21","description":"Configure hostname","status":null,"state":null,"planType":"deploy","content":"# (c) Copyright 2018-2019 Hewlett Packard Enterprise Development LP\n#\n# Licensed under the Apache License, Version 2.0 (the \"License\");\n# you may not use this file except in compliance with the License.\n# You may obtain a copy of the License at http://www.apache.org/licenses/LICENSE-2.0\n#\n# Unless required by applicable law or agreed to in writing, software distributed\n# under the License is distributed on an \"AS IS\" BASIS, WITHOUT WARRANTIES OR\n# CONDITIONS OF ANY KIND, either express or implied. See the License for the\n# specific language governing permissions and limitations under the License.\n\n# Script to configure hostname and host files\n\n# Update /etc/hostname file\nupload -<<END /EFI/HPE/isdeploy/scripts/06configure_hostname.bash\n#!/bin/bash\n# This script was loaded by HPE Image Streamer\n# This script relies on one of the network configuration scripts to be run first\n#  to create the required /boot/efi/isdeploy/tmp/interface_names file\nexec 1> >(logger -s -t $(basename $0)) 2>&1\n\necho \"Starting configure-hostname script\"\n\necho \"Updating /etc/hostname to @HostName@\"\necho \"@HostName@\" > /etc/hostname\nhostname @HostName@\n\necho \"Updating /etc/hosts\"\nsleep 10s\nifaces=`cat /boot/efi/EFI/HPE/isdeploy/tmp/interface_names`\nread -r -a array <<< $ifaces\niface=${array[0]}\nip_address=`ip a | grep $iface | grep 'inet' | cut -d: -f2 | awk '{ print $2}' | cut -d/ -f1`\nfqdn=@HostName@.@DomainName@\nalias=`echo \"$fqdn\" | gawk -F'[.]' '{print $1}'`\nsed -i \"/127.0.0.1/a\\\\$ip_address $fqdn $alias\" /etc/hosts\nsed -i \"/127.0.0.1/a\\\\#This file has been altered by HPE Image Streamer.\" /etc/hosts\nrm -rf /boot/efi/EFI/HPE/isdeploy/tmp/interface_names\necho \"/etc/hosts updated to include $fqdn\"\necho \"@DomainName@\" >> domainname\n\necho \"Finished configure-hostname script\"\n\nexit 0\nEND","customAttributes":null,"hpProvided":true,"dependentArtifacts":null}