{"type":"OeBuildPlan","dependentArtifacts":null,"customAttributes":[],"buildStep":[{"planScriptUri":"/rest/plan-scripts/378bf1d9-095b-4d8a-bddf-06d726d3ada0","planScriptName":"RHEL-7.2-mount-generalize-2017-03-15","serialNumber":"1","parameters":null},{"planScriptUri":"/rest/plan-scripts/d6490a9b-36ad-425c-a6b6-136213567047","planScriptName":"RHEL-7.2-generalize-host-2017-03-15","serialNumber":"2","parameters":null},{"planScriptUri":"/rest/plan-scripts/ccb2133d-36c8-433e-baa3-6b7f4d888bad","planScriptName":"RHEL-7.2-generalize-users-2017-03-15","serialNumber":"3","parameters":null},{"planScriptUri":"/rest/plan-scripts/fbf85365-3997-4fb1-9a7a-bc036f86f591","planScriptName":"RHEL-7.2-generalize-network-2017-03-15","serialNumber":"4","parameters":null},{"planScriptUri":"/rest/plan-scripts/3f123989-4a94-441c-a3bf-f91f2df5ad5c","planScriptName":"RHEL-7.2-unmount-generalize-2017-03-15","serialNumber":"5","parameters":null}],"eTag":null,"created":null,"modified":null,"etag":null,"hpProvided":true,"buildPlanid":"8c4c0f51-91d9-4f93-b445-d4a95440fbec","oeBuildPlanType":"capture","category":null,"description":"Remove personalization settings from RHEL 7.2\n\n(c) Copyright 2017 Hewlett Packard Enterprise Development LP\n\nLicensed under the Apache License, Version 2.0 (the \"License\");...","status":null,"uri":null,"name":"RHEL-7.2-generalize-2017-03-23"}