{"type":"OeBuildPlan","dependentArtifacts":null,"customAttributes":[{"constraints":"{}","description":"","name":"SSH","value":"Enabled","type":"string"},{"constraints":"{}","description":"","name":"FirstNicTeamName","value":"team0","type":"string"},{"constraints":"{\"unit\":\"GiB\"}","description":"","name":"LogicalVolumeSize","value":"15","type":"number"},{"constraints":"{}","description":"","name":"NewUsers","value":"","type":"string"},{"constraints":"{\"maxlen\":\"10\"}","description":"","name":"NewUsersPassword","value":"","type":"password"},{"constraints":"{}","description":"","name":"DiskName","value":"/dev/sda","type":"string"},{"constraints":"{\"unit\":\"GiB\"}","description":"","name":"FirstPartitionSize","value":"10","type":"number"},{"constraints":"{\"ipv4static\":false,\"ipv4dhcp\":true,\"ipv4disable\":true,\"parameters\":[\"mac\"]}","description":"","name":"Team1NIC2","value":null,"type":"nic"},{"constraints":"{\"unit\":\"GiB\"}","description":"","name":"SecondPartitionSize","value":"10","type":"number"},{"constraints":"{}","description":"","name":"TotalNicTeamings","value":"1","type":"string"},{"constraints":"{\"ipv4static\":true,\"ipv4dhcp\":true,\"ipv4disable\":true,\"parameters\":[\"dns1\",\"dns2\",\"domain\",\"gateway\",\"ipaddress\",\"mac\",\"netmask\"]}","description":"","name":"Team1NIC1","value":null,"type":"nic"},{"constraints":"{\"ipv4static\":false,\"ipv4dhcp\":true,\"ipv4disable\":true,\"parameters\":[\"mac\"]}","description":"","name":"Team0NIC2","value":null,"type":"nic"},{"constraints":"{}","description":"","name":"SecondNicTeamName","value":"team1","type":"string"},{"constraints":"{\"ipv4static\":true,\"ipv4dhcp\":true,\"ipv4disable\":true,\"parameters\":[\"dns1\",\"dns2\",\"domain\",\"gateway\",\"ipaddress\",\"mac\",\"netmask\"]}","description":"","name":"Team0NIC1","value":null,"type":"nic"},{"constraints":"{}","description":"","name":"LogicalVolumeName","value":"new_vol","type":"string"},{"constraints":"{\"helpText\":\"\"}","description":"","name":"DomainName","value":"","type":"fqdn"},{"constraints":"{\"maxlen\":\"10\"}","description":"","name":"NewRootPassword","value":"","type":"password"},{"constraints":"{}","description":"","name":"LogicalVolumeGroupName","value":"new_vol_group","type":"string"}],"buildStep":[{"planScriptUri":"/rest/plan-scripts/2023c52e-4a69-4c50-b91d-5966f846a198","planScriptName":"RHEL-7.2-mount-and-validate-2017-03-15","serialNumber":"1","parameters":null},{"planScriptUri":"/rest/plan-scripts/e44b532f-d767-4823-9a49-e8668fe5ebfe","planScriptName":"RHEL-7.2-configure-multiple-NIC-teaming-2017-03-15","serialNumber":"2","parameters":null},{"planScriptUri":"/rest/plan-scripts/58aa8d72-88c9-4a98-b908-15431299dbd5","planScriptName":"RHEL-7.2-configure-users-2017-03-15","serialNumber":"3","parameters":null},{"planScriptUri":"/rest/plan-scripts/ee5a9686-14d2-44ee-9ace-2ba49f670214","planScriptName":"RHEL-7.2-configure-hostname-2017-03-15","serialNumber":"4","parameters":null},{"planScriptUri":"/rest/plan-scripts/24966d03-28db-4f12-a60a-8911f6b674f8","planScriptName":"RHEL-7.2-manage-security-services-2017-04-20","serialNumber":"5","parameters":null},{"planScriptUri":"/rest/plan-scripts/64bc831f-82fd-48f5-ac5b-1118deb37608","planScriptName":"RHEL-7.2-configure-partition-using-LVM-2017-03-15","serialNumber":"6","parameters":null},{"planScriptUri":"/rest/plan-scripts/f12da039-ede0-4742-99e1-1b98af6c6d1a","planScriptName":"RHEL-7.2-unmount-2017-03-15","serialNumber":"7","parameters":null}],"eTag":null,"created":null,"modified":null,"etag":null,"hpProvided":true,"buildPlanid":"df8a3666-5b02-458e-ac56-029f5576ddd8","oeBuildPlanType":"deploy","category":null,"description":"Personalizes RHEL 7.2 and configures NIC teaming\n\n(c) Copyright 2017 Hewlett Packard Enterprise Development LP\n\nLicensed under the Apache License, Version 2.0 (the \"License\");...","status":null,"uri":null,"name":"RHEL-7.2-personalize-and-NIC-teamings-LVM-BP-2017-04-20"}