{"type":"PlanScript","dependentArtifacts":null,"hpProvided":true,"eTag":null,"created":null,"modified":null,"customAttributes":null,"planType":"capture","category":null,"description":"Remove network settings","status":null,"uri":null,"name":"RHEL-7.2-generalize-network-2017-03-15","id":"fbf85365-3997-4fb1-9a7a-bc036f86f591","state":null,"content":"# (c) Copyright 2017 Hewlett Packard Enterprise Development LP\n#\n# Licensed under the Apache License, Version 2.0 (the \"License\");\n# you may not use this file except in compliance with the License.\n# You may obtain a copy of the License at http://www.apache.org/licenses/LICENSE-2.0\n#\n# Unless required by applicable law or agreed to in writing, software distributed\n# under the License is distributed on an \"AS IS\" BASIS, WITHOUT WARRANTIES OR\n# CONDITIONS OF ANY KIND, either express or implied. See the License for the\n# specific language governing permissions and limitations under the License.\n\n#Generalize the network\n!mkdir new_network\n\n#Copy \"/etc/sysconfig/network-scripts/\" directory\ncopy-out /etc/sysconfig/network-scripts/ new_network/\n\nupload -<<END /tmp/ImageStreamer/gen_network_conf \n#!/bin/bash\nnet_cfg_files=`ls new_network/network-scripts/ | grep \"ifcfg-\"`\n\nfor net_cfg_file in $net_cfg_files\ndo\n\tif [ $net_cfg_file  != \"ifcfg-lo\" ]\n\tthen\n\t\trm -rf new_network/network-scripts/$net_cfg_file \n\t\techo \"Network interface cfg file $net_cfg_file successfully removed!!!\" \n\tfi\ndone\nexit 0\nEND\n\ndownload /tmp/ImageStreamer/gen_network_conf ./gen_network_conf\n!source ./gen_network_conf\n\n#Replace the network directory with updated one\nrm-rf /etc/sysconfig/network-scripts\n\ncopy-in new_network/network-scripts/ /etc/sysconfig/\n\n#Clear the resolve.conf file\nupload -<<END /etc/resolv.conf\nEND"}