{"type":"OeBuildPlan","dependentArtifacts":null,"customAttributes":[{"constraints":"{\"regex\":\"\",\"helpText\":\"\"}","description":"A team name to the first NIC","name":"FirstNicTeamName","value":"team0","type":"string"},{"constraints":"{\"options\":[\"Enabled\",\"Disabled\"]}","description":"SSH service to enable clients to connect via SSH protocol","name":"SSH","value":"Enabled","type":"option"},{"constraints":"{}","description":"A size for the logical volume","name":"LogicalVolumeSize","value":"15","type":"number"},{"constraints":"{\"regex\":\"\",\"helpText\":\"\"}","description":"New user for the server","name":"NewUsers","value":"","type":"string"},{"constraints":"{\"maxlen\":\"20\"}","description":"Password for the new user created","name":"NewUsersPassword","value":"","type":"password"},{"constraints":"{\"regex\":\"\",\"helpText\":\"\"}","description":"The disk partition prefix for e.g. \"/dev/sda\" to be able to create partitions on the volume","name":"DiskName","value":"/dev/sda","type":"string"},{"constraints":"{\"helpText\":\"\"}","description":"Hostname for the server","name":"HostName","value":"","type":"hostname"},{"constraints":"{}","description":"The size for the first partition on the disk","name":"FirstPartitionSize","value":"10","type":"number"},{"constraints":"{\"ipv4static\":true,\"ipv4dhcp\":true,\"ipv4disable\":true,\"parameters\":[\"mac\",\"vlanid\"]}","description":"","name":"Team1NIC2","value":"","type":"nic"},{"constraints":"{}","description":"A partition size for the second partition created on the volume","name":"SecondPartitionSize","value":"10","type":"number"},{"constraints":"{}","description":"A count to keep track of the total NIC teaming to be done on the host","name":"TotalNicTeamings","value":"1","type":"number"},{"constraints":"{\"ipv4static\":true,\"ipv4dhcp\":true,\"ipv4disable\":true,\"parameters\":[\"dns1\",\"dns2\",\"domain\",\"gateway\",\"ipaddress\",\"mac\",\"netmask\",\"vlanid\"]}","description":"","name":"Team1NIC1","value":"","type":"nic"},{"constraints":"{\"ipv4static\":true,\"ipv4dhcp\":true,\"ipv4disable\":false,\"parameters\":[\"mac\",\"vlanid\"]}","description":"","name":"Team0NIC2","value":"","type":"nic"},{"constraints":"{\"regex\":\"\",\"helpText\":\"\"}","description":"A team name to the second NIC","name":"SecondNicTeamName","value":"team1","type":"string"},{"constraints":"{\"ipv4static\":true,\"ipv4dhcp\":true,\"ipv4disable\":false,\"parameters\":[\"dns1\",\"dns2\",\"domain\",\"gateway\",\"ipaddress\",\"mac\",\"netmask\",\"vlanid\"]}","description":"","name":"Team0NIC1","value":"","type":"nic"},{"constraints":"{\"regex\":\"\",\"helpText\":\"\"}","description":"A volume name to the logical volume created","name":"LogicalVolumeName","value":"new_vol","type":"string"},{"constraints":"{}","description":"","name":"DomainName","value":"","type":"string"},{"constraints":"{\"maxlen\":\"20\"}","description":"A new password for the root user","name":"NewRootPassword","value":"","type":"password"},{"constraints":"{\"regex\":\"\",\"helpText\":\"\"}","description":"A group name to the logical volume created","name":"LogicalVolumeGroupName","value":"new_vol_group","type":"string"}],"buildStep":[{"planScriptName":"RHEL-mount-and-validate-2017-12-12","planScriptUri":"/rest/plan-scripts/f690745e-f479-4794-9d7d-4ab24b637ddf","serialNumber":"1","parameters":null},{"planScriptName":"RHEL-configure-users-2017-12-12","planScriptUri":"/rest/plan-scripts/b2379c3e-d4c8-40d8-80b4-bac43b94c673","serialNumber":"2","parameters":null},{"planScriptName":"RHEL-configure-deployment-NIC-teaming-2017-12-12","planScriptUri":"/rest/plan-scripts/37a84b4d-7ca0-440f-8533-ea7a2c9c04f0","serialNumber":"3","parameters":null},{"planScriptName":"RHEL-configure-management-NIC-teaming-2017-12-15","planScriptUri":"/rest/plan-scripts/f01ea585-7a3e-4d20-bf7d-1dcd2d14df5a","serialNumber":"4","parameters":null},{"planScriptName":"RHEL-configure-hostname-2017-12-12","planScriptUri":"/rest/plan-scripts/6f68f406-e5dc-41b2-b68c-d44c05c39008","serialNumber":"5","parameters":null},{"planScriptName":"RHEL-manage-security-services-2017-12-12","planScriptUri":"/rest/plan-scripts/7851c6e7-ac5c-44f4-8cac-3b4431be8080","serialNumber":"6","parameters":null},{"planScriptName":"RHEL-configure-partition-using-LVM-2017-12-12","planScriptUri":"/rest/plan-scripts/90b21c58-b570-475b-9c89-957e2534ba71","serialNumber":"7","parameters":null},{"planScriptName":"RHEL-unmount-2017-12-12","planScriptUri":"/rest/plan-scripts/62dad4df-6ba6-48e3-857e-70909e2c3bf3","serialNumber":"8","parameters":null}],"eTag":null,"created":null,"modified":null,"hpProvided":true,"buildPlanid":"45eef160-4715-4c1a-a572-7c315152d6d1","oeBuildPlanType":"deploy","description":"Personalizes RHEL 7.X and configures NIC teaming (c) Copyright 2017 Hewlett Packard Enterprise Development LP Licensed under the Apache License, Version 2.0 (the \"License\");...","category":null,"status":null,"uri":null,"name":"RHEL-personalize-and-NIC-teamings-LVM-BP-2017-12-15"}