{"type":"OeBuildPlan","dependentArtifacts":null,"customAttributes":[{"constraints":"{}","description":"Size for the logical volume to be created on the host","name":"LogicalVolumeSize","value":"15","type":"number"},{"constraints":"{\"options\":[\"Enabled\",\"Disabled\"]}","description":"SSH service to enable clients to connect via SSH protocol","name":"SSH","value":"Enabled","type":"option"},{"constraints":"{\"regex\":\"\",\"helpText\":\"\"}","description":"A name for the new user to be created on the server","name":"NewUsers","value":"","type":"string"},{"constraints":"{\"maxlen\":\"20\"}","description":"Password for the new user to be created on the server","name":"NewUsersPassword","value":"","type":"password"},{"constraints":"{}","description":"A count to keep track of the total teaming to be done on the host","name":"TotalMgmtNICs","value":"1","type":"number"},{"constraints":"{\"regex\":\"\",\"helpText\":\"\"}","description":"The prefix disk name for e.g /dev/sda to configure partitions on the host","name":"DiskName","value":"/dev/sda","type":"string"},{"constraints":"{\"helpText\":\"\"}","description":"Hostname for the server","name":"HostName","value":"","type":"hostname"},{"constraints":"{}","description":"A partition size for the first partition on the disk","name":"FirstPartitionSize","value":"10","type":"number"},{"constraints":"{}","description":"A size for the second partition created on the server","name":"SecondPartitionSize","value":"10","type":"number"},{"constraints":"{\"regex\":\"\",\"helpText\":\"\"}","description":"A name for the logical volume created on the host","name":"LogicalVolumeName","value":"new_vol","type":"string"},{"constraints":"{\"regex\":\"\",\"helpText\":\"\"}","description":"Domain name for the host","name":"DomainName","value":"","type":"string"},{"constraints":"{\"maxlen\":\"20\"}","description":"A new password for the root user","name":"NewRootPassword","value":"","type":"password"},{"constraints":"{\"ipv4static\":true,\"ipv4dhcp\":true,\"ipv4disable\":true,\"parameters\":[\"dns1\",\"dns2\",\"domain\",\"gateway\",\"ipaddress\",\"mac\",\"netmask\",\"vlanid\"]}","description":"","name":"ManagementNIC3","value":"","type":"nic"},{"constraints":"{\"ipv4static\":true,\"ipv4dhcp\":true,\"ipv4disable\":true,\"parameters\":[\"dns1\",\"dns2\",\"domain\",\"gateway\",\"ipaddress\",\"mac\",\"netmask\",\"vlanid\"]}","description":"","name":"ManagementNIC4","value":"","type":"nic"},{"constraints":"{\"ipv4static\":true,\"ipv4dhcp\":true,\"ipv4disable\":true,\"parameters\":[\"dns1\",\"dns2\",\"domain\",\"gateway\",\"ipaddress\",\"mac\",\"netmask\",\"vlanid\"]}","description":"","name":"ManagementNIC1","value":"","type":"nic"},{"constraints":"{\"regex\":\"\",\"helpText\":\"\"}","description":"A name for the logical volume group created on the host","name":"LogicalVolumeGroupName","value":"new_vol_group","type":"string"},{"constraints":"{\"ipv4static\":true,\"ipv4dhcp\":true,\"ipv4disable\":true,\"parameters\":[\"dns1\",\"dns2\",\"domain\",\"gateway\",\"ipaddress\",\"mac\",\"netmask\",\"vlanid\"]}","description":"","name":"ManagementNIC2","value":"","type":"nic"}],"buildStep":[{"planScriptName":"RHEL-mount-and-validate-2017-12-12","planScriptUri":"/rest/plan-scripts/f690745e-f479-4794-9d7d-4ab24b637ddf","serialNumber":"1","parameters":null},{"planScriptName":"RHEL-configure-users-2017-12-12","planScriptUri":"/rest/plan-scripts/b2379c3e-d4c8-40d8-80b4-bac43b94c673","serialNumber":"2","parameters":null},{"planScriptName":"RHEL-configure-multiple-NICs-2017-12-15","planScriptUri":"/rest/plan-scripts/5c63a1d5-88f5-4804-ac1e-52a0e7ad1f1c","serialNumber":"3","parameters":null},{"planScriptName":"RHEL-configure-hostname-2017-12-12","planScriptUri":"/rest/plan-scripts/6f68f406-e5dc-41b2-b68c-d44c05c39008","serialNumber":"4","parameters":null},{"planScriptName":"RHEL-manage-security-services-2017-12-12","planScriptUri":"/rest/plan-scripts/7851c6e7-ac5c-44f4-8cac-3b4431be8080","serialNumber":"5","parameters":null},{"planScriptName":"RHEL-configure-partition-using-LVM-2017-12-12","planScriptUri":"/rest/plan-scripts/90b21c58-b570-475b-9c89-957e2534ba71","serialNumber":"6","parameters":null},{"planScriptName":"RHEL-unmount-2017-12-12","planScriptUri":"/rest/plan-scripts/62dad4df-6ba6-48e3-857e-70909e2c3bf3","serialNumber":"7","parameters":null}],"eTag":null,"created":null,"modified":null,"hpProvided":true,"buildPlanid":"476b8cfd-cbd8-4705-9930-df1cf6cddd4b","oeBuildPlanType":"deploy","description":"Personalizes RHEL 7.X and configures NIC teaming (c) Copyright 2017 Hewlett Packard Enterprise Development LP Licensed under the Apache License, Version 2.0 (the \"License\");...","category":null,"status":null,"uri":null,"name":"RHEL-personalize-and-configure-NICs-LVM-BP-2017-12-15"}