{"type":"OeBuildPlan","dependentArtifacts":null,"customAttributes":[],"buildStep":[{"planScriptName":"RHEL-mount-generalize-2017-12-12","planScriptUri":"/rest/plan-scripts/716fa3cb-1e0e-417e-9038-ddad4c1e1358","serialNumber":"1","parameters":null},{"planScriptName":"RHEL-generalize-host-2017-12-12","planScriptUri":"/rest/plan-scripts/53e951b1-68b4-461c-9476-211fd26bbe8c","serialNumber":"2","parameters":null},{"planScriptName":"RHEL-generalize-users-2017-12-12","planScriptUri":"/rest/plan-scripts/0a8e17a9-54cd-4de4-b129-9666146be498","serialNumber":"3","parameters":null},{"planScriptName":"RHEL-generalize-network-2017-12-12","planScriptUri":"/rest/plan-scripts/15a15e9e-40d4-4c7f-98e5-88c7f2724a25","serialNumber":"4","parameters":null},{"planScriptName":"RHEL-unmount-generalize-2017-12-12","planScriptUri":"/rest/plan-scripts/9677b2b7-db87-4255-bbf5-e17f05147bc9","serialNumber":"5","parameters":null}],"eTag":null,"created":null,"modified":null,"hpProvided":true,"buildPlanid":"d40b1509-0735-46f3-810a-997afd12f20a","oeBuildPlanType":"capture","description":"Remove personalization settings from RHEL 7.X (c) Copyright 2017 Hewlett Packard Enterprise Development LP Licensed under the Apache License, Version 2.0 (the \"License\");...","category":null,"status":null,"uri":null,"name":"RHEL-generalize-2017-12-12"}