{"type":"PlanScript","dependentArtifacts":null,"hpProvided":true,"eTag":null,"created":null,"modified":null,"customAttributes":null,"planType":"deploy","description":"configures management NIC teaming","category":null,"status":null,"uri":null,"name":"RHEL-configure-management-NIC-teaming-2017-12-15","id":"f01ea585-7a3e-4d20-bf7d-1dcd2d14df5a","state":null,"content":"# (c) Copyright 2017 Hewlett Packard Enterprise Development LP\n#\n# Licensed under the Apache License, Version 2.0 (the \"License\");\n# you may not use this file except in compliance with the License.\n# You may obtain a copy of the License at http://www.apache.org/licenses/LICENSE-2.0\n#\n# Unless required by applicable law or agreed to in writing, software distributed\n# under the License is distributed on an \"AS IS\" BASIS, WITHOUT WARRANTIES OR\n# CONDITIONS OF ANY KIND, either express or implied. See the License for the\n# specific language governing permissions and limitations under the License.\n\n#Child script for NIC Teaming.\nupload -<<END /temp/NIC-teaming\n#! /bin/bash\nteam_name=$1\nnet1_mac=$2\nnet2_mac=$3\nvlan=$4\nnet1_ip=$5\nnet1_gw=$6\ndomain=$7\ndns1=$8\ndns2=$9\nnetmask=${10}\n\n\nmask2cidr() {\n    nbits=0\n    IFS=.\n    for dec in $1 ; do\n        case $dec in\n            255) let nbits+=8;;\n            254) let nbits+=7;;\n            252) let nbits+=6;;\n            248) let nbits+=5;;\n            240) let nbits+=4;;\n            224) let nbits+=3;;\n            192) let nbits+=2;;\n            128) let nbits+=1;;\n            0);;\n            *) echo \"Error: $dec is not recognised\"; exit 1\n        esac\n    done\n    echo \"$nbits\"\n}\n\n#Check the maching interface names for mac addresses.\ninterfaces=`ls /sys/class/net/`\nfor iface in $interfaces\ndo\n\tmac=`cat /sys/class/net/$iface/address`\n\tif [ ${mac,,} == ${net1_mac,,} ]\n\tthen\n\t\tnic1=$iface\n\telif [ ${mac,,} == ${net2_mac,,} ]\n\tthen\n\t\tnic2=$iface\n\tfi\ndone\n\t\n#Add $team_name connection.\n\nnmcli connection add type team con-name $team_name ifname $team_name config '{\"runner\": {\"name\": \"activebackup\"}, \"link_watch\": {\"name\": \"ethtool\"}}'\n\nnmcli connection add type team-slave con-name $team_name-port1 ifname $nic1 master $team_name\nnmcli connection add type team-slave con-name $team_name-port2 ifname $nic2 master $team_name\n\nif [[ -z $net1_ip ]]\nthen\n echo \"Configure $team_name for DHCP\"\n if [ $vlan -ne 0 ];then\n  echo \"Configure $team_name for DHCP with vlan tag $vlan\"\n  nmcli connection modify $team_name ipv4.method disable ipv6.method ignore\n  nmcli connection add type vlan con-name $team_name-vlan$vlan ifname $team_name.$vlan id $vlan dev $team_name\n fi\n\nelse\n \n if [ $vlan -ne 0 ];then\n  echo \"Configure $team_name for static with vlan tag $vlan.\"\n  nmcli connection modify $team_name ipv4.method disable ipv6.method ignore\n  nmcli connection add type vlan con-name $team_name-vlan$vlan ifname $team_name.$vlan id $vlan dev $team_name ip4 $net1_ip/$(mask2cidr $netmask) gw4 $net1_gw\n else\n  echo \"Configure $team_name for static\"\n  nmcli connection modify $team_name ipv4.addresses $net1_ip/$(mask2cidr $netmask)\n  nmcli connection modify $team_name ipv4.gateway $net1_gw  \n  nmcli connection modify $team_name ipv4.method manual\n fi \ncat <<CONF>/etc/resolv.conf \n# Generated by Image Streamer\nsearch $domain\nnameserver $dns1\nnameserver $dns2\nCONF\nfi\n\nnmcli connection up $team_name\n\nexit 0\nEND\n\n\n#Parent script for NIC Teaming.\nupload -<<END /temp/ImageStreamer/teaming-configuration\n#! /bin/bash\nteam_count=@TotalNicTeamings:1@\nteam0=@FirstNicTeamName:team0@\nteam1=@SecondNicTeamName:team1@\nfor i in `seq 1 $team_count`\ndo\n\tif [ $i -eq 1 ];then\n\t\techo \"echo $team0 > /temp/interface_names\" >> ./rc.local\n\t\tif [[ \"@Team0NIC1.ipaddress@\" =~ [0-9]*\\.[0-9]*\\.[0-9]*\\.[0-9]* ]]; then\n\t\t\techo \"sh /temp/NIC-teaming $team0 @Team0NIC1.mac@ @Team0NIC2.mac@ @Team0NIC1.vlanid@ @Team0NIC1.ipaddress@ @Team0NIC1.gateway@ @Team0NIC1.domain@ @Team0NIC1.dns1@ @Team0NIC1.dns2@ @Team0NIC1.netmask@ \" >> ./rc.local\n\t\t\techo \"Team0NIC2_vlan:@Team0NIC2.vlanid@\"\n\t\telse\n\t\t\techo \"sh /temp/NIC-teaming $team0 @Team0NIC1.mac@ @Team0NIC2.mac@ @Team0NIC1.vlanid@\" >> ./rc.local\n\t\t\techo \"Team0NIC2_vlan:@Team0NIC2.vlanid@\"\n\t\tfi\n\telif [ $i -eq 2 ];then\n\t\techo \"echo $team1 >> /temp/interface_names\" >> ./rc.local\n\t\tif [[ \"@Team1NIC1.ipaddress@\" =~ [0-9]*\\.[0-9]*\\.[0-9]*\\.[0-9]* ]]; then\n\t\t\techo \"sh /temp/NIC-teaming $team1 @Team1NIC1.mac@ @Team1NIC2.mac@ @Team1NIC1.vlanid@ @Team1NIC1.ipaddress@ @Team1NIC1.gateway@ @Team1NIC1.domain@ @Team1NIC1.dns1@ @Team1NIC1.dns2@ @Team1NIC1.netmask@ \" >> ./rc.local\n\t\t\techo \"Team1NIC2_vlan:@Team1NIC2.vlanid@\"\n\t\telse\n\t\t\techo \"sh /temp/NIC-teaming $team1 @Team1NIC1.mac@ @Team1NIC2.mac@ @Team1NIC1.vlanid@\" >> ./rc.local\n\t\t\techo \"Team1NIC2_vlan:@Team1NIC2.vlanid@\"\n\t\tfi\n\tfi\ndone\n\n#echo \"rm -rf /temp/NIC-teaming\" >> ./rc.local\n\nEND\n\ndownload /temp/ImageStreamer/teaming-configuration ./teaming-configuration\n!source ./teaming-configuration"}