{"type":"OeBuildPlan","uri":null,"category":null,"eTag":null,"created":null,"modified":null,"buildPlanid":"1d513006-8319-4fb9-8f32-3ef4551fb341","name":"HPE-RHEL8-EFI-personalize-and-configure-NICs-LVM-2019-06-11","description":"Personalizes RHEL8 for XFS Partition using EFI and configures Multi NIC's  Copyright 2018 -2019 Hewlett Packard Enterprise Development LP Licensed under the Apache License, Version 2.0 (the \"License\");...","status":null,"hpProvided":true,"oeBuildPlanType":"deploy","buildStep":[{"planScriptUri":"/rest/plan-scripts/a9cfe338-d8b6-48ef-8d98-b3cd28fb9abb","serialNumber":"1","parameters":null,"planScriptName":"HPE-RHEL8-EFI-mount-2019-03-21"},{"planScriptUri":"/rest/plan-scripts/f31bc2ce-8c13-45cc-a281-41a8d9c39dac","serialNumber":"2","parameters":null,"planScriptName":"HPE-RHEL8-EFI-wrapper-2019-03-21"},{"planScriptUri":"/rest/plan-scripts/c1a51f22-df0e-46f6-bd8e-d7443d2b9ad4","serialNumber":"3","parameters":null,"planScriptName":"HPE-RHEL8-EFI-configure-users-2019-03-21"},{"planScriptUri":"/rest/plan-scripts/799368cb-b4ea-4dfb-a3ca-2b7b0199aec9","serialNumber":"4","parameters":null,"planScriptName":"HPE-RHEL8-EFI-configure-multiple-NICs-2019-03-21"},{"planScriptUri":"/rest/plan-scripts/5f4548d6-627b-49fc-8140-0b8e4f23b91e","serialNumber":"5","parameters":null,"planScriptName":"HPE-RHEL8-EFI-configure-hostname-2019-03-21"},{"planScriptUri":"/rest/plan-scripts/c413c855-4e18-447e-9510-1e5f16978cc9","serialNumber":"6","parameters":null,"planScriptName":"HPE-RHEL8-EFI-manage-security-services-2019-03-21"},{"planScriptUri":"/rest/plan-scripts/72d49037-64d9-4078-9720-7cfc944b256a","serialNumber":"7","parameters":null,"planScriptName":"HPE-RHEL8-EFI-configure-partition-using-LVM-2019-05-01"},{"planScriptUri":"/rest/plan-scripts/46795bfa-5021-43fa-ad4a-f798d1054b0c","serialNumber":"8","parameters":null,"planScriptName":"HPE-RHEL8-EFI-unmount-2019-03-21"}],"customAttributes":[{"name":"LvmVolumeName","description":"A name for the logical volume created on the host.","value":"new_vol","constraints":"{\"regex\":\"\",\"helpText\":\"\"}","type":"string"},{"name":"DomainName","description":"Domain name for the host","value":"","constraints":"{\"helpText\":\"\"}","type":"fqdn"},{"name":"FirstPartitionSize","description":"A partition size for the first partition on the disk","value":"10","constraints":"{\"unit\":\"GB\"}","type":"number"},{"name":"SSH","description":"SSH service to enable clients to connect via SSH protocol.","value":"Enable","constraints":"{\"options\":[\"Enable\",\"Disable\"]}","type":"option"},{"name":"NewRootPassword","description":"Password for the new root user.","value":"","constraints":"{\"maxlen\":\"20\"}","type":"password"},{"name":"TotalMgmtNICs","description":"A count to keep track of the total NIC's to be added on the host.","value":"1","constraints":"{\"minimum\":\"1\",\"maximum\":\"4\",\"increment\":\"1\"}","type":"number"},{"name":"DiskName","description":"The prefix disk name for e.g /dev/sda to configure partitions on the host","value":"/dev/sda","constraints":"{\"regex\":\"\",\"helpText\":\"\"}","type":"string"},{"name":"LvmVolumeSize","description":"Size for the logical volume to be created on the host.","value":"16","constraints":"{\"unit\":\"GB\"}","type":"number"},{"name":"FileSystem","description":"Type of FileSystem","value":"Disabled","constraints":"{\"options\":[\"XFS\",\"EXT4\",\"BTRFS\",\"Disabled\"]}","type":"option"},{"name":"ManagementNIC2","description":"Management NIC attributes for NIC2. The mac sub-attribute is a mandatory field in NIC type custom attributes.","value":null,"constraints":"{\"ipv4static\":true,\"ipv4dhcp\":true,\"ipv4disable\":true,\"parameters\":[\"dns1\",\"dns2\",\"domain\",\"gateway\",\"ipaddress\",\"mac\",\"netmask\",\"vlanid\"]}","type":"nic"},{"name":"NewUsersPassword","description":"Password for the new user to be created on the server.","value":"","constraints":"{\"maxlen\":\"20\"}","type":"password"},{"name":"ManagementNIC1","description":"Management NIC attributes for NIC1. The mac sub-attribute is a mandatory field in NIC type custom attributes.","value":null,"constraints":"{\"ipv4static\":true,\"ipv4dhcp\":true,\"ipv4disable\":false,\"parameters\":[\"dns1\",\"dns2\",\"domain\",\"gateway\",\"ipaddress\",\"mac\",\"netmask\",\"vlanid\"]}","type":"nic"},{"name":"SecondPartitionSize","description":"A size for the second partition created on the server.","value":"10","constraints":"{\"unit\":\"GB\"}","type":"number"},{"name":"ManagementNIC4","description":"Management NIC attributes for NIC4. The mac sub-attribute is a mandatory field in NIC type custom attributes.","value":null,"constraints":"{\"ipv4static\":true,\"ipv4dhcp\":true,\"ipv4disable\":true,\"parameters\":[\"dns1\",\"dns2\",\"domain\",\"gateway\",\"ipaddress\",\"mac\",\"netmask\",\"vlanid\"]}","type":"nic"},{"name":"ManagementNIC3","description":"Management NIC attributes for NIC3. The mac sub-attribute is a mandatory field in NIC type custom attributes.","value":null,"constraints":"{\"ipv4static\":true,\"ipv4dhcp\":true,\"ipv4disable\":true,\"parameters\":[\"dns1\",\"dns2\",\"domain\",\"gateway\",\"ipaddress\",\"mac\",\"netmask\",\"vlanid\"]}","type":"nic"},{"name":"HostName","description":"Hostname for RHEL host. The hostname value can be defined manually or by using the tokens. This value must conform to valid hostname requirement defined by Internet standards.","value":"","constraints":"{\"helpText\":\"\"}","type":"hostname"},{"name":"NewUser","description":"New user to be created on the server.","value":"","constraints":"{\"regex\":\"\",\"helpText\":\"\"}","type":"string"},{"name":"LvmVolumeGroupName","description":"A name for the logical volume group created on the host.","value":"new_vol_group","constraints":"{\"regex\":\"\",\"helpText\":\"\"}","type":"string"}],"dependentArtifacts":null}