{"type":"PlanScript","uri":null,"category":null,"eTag":null,"created":null,"modified":null,"id":"24e3db30-983e-49c7-bdb1-3f33932c4808","name":"HPE-RHEL8-EFI-configure-deployment-NIC-teaming-2020-04-06","description":"Script to configure deployment interface teaming (ibftNIC teaming)","status":null,"state":null,"planType":"deploy","content":"# (c) Copyright 2018-2019 Hewlett Packard Enterprise Development LP\n#\n# Licensed under the Apache License, Version 2.0 (the \"License\");\n# you may not use this file except in compliance with the License.\n# You may obtain a copy of the License at http://www.apache.org/licenses/LICENSE-2.0\n#\n# Unless required by applicable law or agreed to in writing, software distributed\n# under the License is distributed on an \"AS IS\" BASIS, WITHOUT WARRANTIES OR\n# CONDITIONS OF ANY KIND, either express or implied. See the License for the\n# specific language governing permissions and limitations under the License.\n\nupload -<<END /EFI/HPE/isdeploy/scripts/03ibftTbonding-configuration.bash\necho \"deployment nic bonding script started\"\n\ncat <<'CONF'> /etc/init.d/ibftT\n#! /bin/bash\n\nmodprobe bonding\n\n\necho +ibftTeam > /sys/class/net/bonding_masters\necho 1 > /sys/class/net/ibftTeam/bonding/mode\n\nFOUNDibft0=`grep \"ibft0\" /proc/net/dev`\nFOUNDibft1=`grep \"ibft1\" /proc/net/dev`\necho \"ibft0 : $FOUNDibft0\"\necho \"ibft1 : $FOUNDibft1\"\n\nif  [ -n \"$FOUNDibft0\" ]; then\n\tibftIP=`ip addr list ibft0 |grep -w \"inet\" |cut -d' ' -f6|cut -d'/' -f1`\n\tNetmask=`ip addr list ibft0 |grep -w \"inet\" |cut -d' ' -f6|cut -d'/' -f2`\n\techo $ibftIP\n\techo $Netmask\nelse\n\tibftIP=`ip addr list ibft1 |grep -w \"inet\" |cut -d' ' -f6|cut -d'/' -f1`\n\tNetmask=`ip addr list ibft1 |grep -w \"inet\" |cut -d' ' -f6|cut -d'/' -f2`\n\techo $ibftIP\n\techo $Netmask\nfi\n\nip addr add $ibftIP/$Netmask dev ibftTeam\n\n\nif [ -n \"$FOUNDibft0\" ]; then\n\tip addr flush dev ibft0\n\tip link set down ibft0\n\techo +ibft0 > /sys/class/net/ibftTeam/bonding/slaves\n\tip link set up ibftTeam\n\tip link set up ibft0\nfi\t\n\nif [ -n \"$FOUNDibft1\" ]; then\n\tip addr flush dev ibft1\n\tip link set down ibft1\n\techo +ibft1 > /sys/class/net/ibftTeam/bonding/slaves\n\tip link set up ibftTeam\n\tip link set up ibft1\nfi\t\n\n\necho 100 > /sys/class/net/ibftTeam/bonding/miimon\n\niscsiadm -P 1 -m session\n\n\n\nCONF\n\ncat <<CONF>/etc/systemd/system/ibft.service\n[Unit]\nDescription=ibft bonding\n\n[Service]\nType=simple\nRemainAfterExit=yes\nWorkingDirectory=/etc/init.d/\nExecStart=/bin/bash ibftT\n\n[Install]\nWantedBy=multi-user.target\nCONF\n\nchmod 777 /etc/init.d/ibftT\nsystemctl enable ibft.service\nsystemctl start ibft.service\n\n\nEND","customAttributes":null,"hpProvided":true,"dependentArtifacts":null}