{"type":"OeBuildPlan","uri":null,"category":null,"eTag":null,"created":null,"modified":null,"buildPlanid":"1182a5a8-4cc4-487f-b70c-ae1d455d3f58","name":"RHEL-personalize-and-NIC-teamings-LVM-BP-2018-09-11","description":"Personalizes RHEL 7.X and configures NIC teaming (c) Copyright 2018 Hewlett Packard Enterprise Development LP Licensed under the Apache License, Version 2.0 (the \"License\");...","status":null,"hpProvided":true,"oeBuildPlanType":"deploy","buildStep":[{"planScriptUri":"/rest/plan-scripts/c0f0441b-f21a-451b-b1d8-8b9f621650d8","serialNumber":"1","parameters":null,"planScriptName":"RHEL-mount-and-validate-2017-12-12"},{"planScriptUri":"/rest/plan-scripts/98d771db-aac5-45f2-aa8a-108b1a16d9f9","serialNumber":"2","parameters":null,"planScriptName":"RHEL-configure-users-2018-06-27"},{"planScriptUri":"/rest/plan-scripts/abff25c1-cca9-452a-a88f-2c923b450dab","serialNumber":"3","parameters":null,"planScriptName":"RHEL-configure-deployment-NIC-teaming-2017-12-12"},{"planScriptUri":"/rest/plan-scripts/49083660-d08f-4777-b37c-4e5fa961a674","serialNumber":"4","parameters":null,"planScriptName":"RHEL-configure-management-NIC-teaming-2018-02-09"},{"planScriptUri":"/rest/plan-scripts/e8107b64-d25c-4e98-86c7-1c8c36bcdeee","serialNumber":"5","parameters":null,"planScriptName":"RHEL-configure-hostname-2017-12-12"},{"planScriptUri":"/rest/plan-scripts/249edf46-bb84-4a8f-8b2f-6d0c1dd985a2","serialNumber":"6","parameters":null,"planScriptName":"RHEL-manage-security-services-2017-12-12"},{"planScriptUri":"/rest/plan-scripts/092632d4-4c1c-4ad0-8451-d4a548222b9c","serialNumber":"7","parameters":null,"planScriptName":"RHEL-configure-partition-using-LVM-2017-12-12"},{"planScriptUri":"/rest/plan-scripts/54f7cb18-3e69-4ac3-8445-9ba5e61e6787","serialNumber":"8","parameters":null,"planScriptName":"RHEL-unmount-2017-12-12"}],"customAttributes":[{"name":"Team1NIC2","description":"The mac sub-attribute is a mandatory field in NIC type custom attributes.","value":null,"constraints":"{\"ipv4static\":true,\"ipv4dhcp\":true,\"ipv4disable\":true,\"parameters\":[\"mac\",\"vlanid\"],\"options\":[null]}","type":"nic"},{"name":"Team1NIC1","description":"The mac sub-attribute is a mandatory field in NIC type custom attributes.","value":null,"constraints":"{\"ipv4static\":true,\"ipv4dhcp\":true,\"ipv4disable\":true,\"parameters\":[\"dns1\",\"dns2\",\"domain\",\"gateway\",\"ipaddress\",\"mac\",\"netmask\",\"vlanid\"]}","type":"nic"},{"name":"DomainName","description":"Domain name of the server","value":"","constraints":"{\"helpText\":\"\",\"options\":[\"\"]}","type":"fqdn"},{"name":"FirstPartitionSize","description":"The size for the first partition on the disk","value":"10","constraints":"{\"options\":[\"10\"]}","type":"number"},{"name":"SSH","description":"SSH service to enable clients to connect via SSH protocol","value":"Enabled","constraints":"{\"options\":[\"Enabled\",\"Disabled\"]}","type":"option"},{"name":"LogicalVolumeName","description":"A volume name to the logical volume created","value":"new_vol","constraints":"{\"regex\":\"\",\"helpText\":\"\",\"options\":[\"new_vol\"]}","type":"string"},{"name":"DiskName","description":"The disk partition prefix for e.g. \"/dev/sda\" to be able to create partitions on the volume","value":"/dev/sda","constraints":"{\"regex\":\"\",\"helpText\":\"\",\"options\":[\"/dev/sda\"]}","type":"string"},{"name":"Team0NIC1","description":"The mac sub-attribute is a mandatory field in NIC type custom attributes.","value":null,"constraints":"{\"ipv4static\":true,\"ipv4dhcp\":true,\"ipv4disable\":false,\"parameters\":[\"dns1\",\"dns2\",\"domain\",\"gateway\",\"ipaddress\",\"mac\",\"netmask\",\"vlanid\"]}","type":"nic"},{"name":"NewRootPassword","description":"User-defined root password for the server","value":"","constraints":"{\"maxlen\":\"20\"}","type":"password"},{"name":"Team0NIC2","description":"The mac sub-attribute is a mandatory field in NIC type custom attributes.","value":null,"constraints":"{\"ipv4static\":true,\"ipv4dhcp\":true,\"ipv4disable\":false,\"parameters\":[\"mac\",\"vlanid\"]}","type":"nic"},{"name":"LogicalVolumeSize","description":"A size for the logical volume","value":"15","constraints":"{\"options\":[\"15\"]}","type":"number"},{"name":"NewUserPassword","description":"User-defined password for all new users added to the server.","value":"","constraints":"{\"maxlen\":\"20\"}","type":"password"},{"name":"LogicalVolumeGroupName","description":"A group name to the logical volume created","value":"new_vol_group","constraints":"{\"regex\":\"\",\"helpText\":\"\",\"options\":[\"new_vol_group\"]}","type":"string"},{"name":"NICTeam0Name","description":"provide name for the NIC team 0","value":"team0","constraints":"{\"regex\":\"\",\"helpText\":\"\",\"options\":[\"team0\"]}","type":"string"},{"name":"NICTeam1Name","description":"provide name for NIC Team1","value":"team1","constraints":"{\"regex\":\"\",\"helpText\":\"\"}","type":"string"},{"name":"SecondPartitionSize","description":"A partition size for the second partition created on the volume","value":"10","constraints":"{}","type":"number"},{"name":"TotalNICTeamings","description":"Total NIC teaming used","value":"1","constraints":"{\"options\":[\"1\"]}","type":"number"},{"name":"HostName","description":"Hostname for RHEL host. The hostname value can be defined manually or by using the tokens. This value must conform to valid hostname requirement defined by Internet standards.","value":"","constraints":"{\"helpText\":\"\",\"options\":[\"\"]}","type":"hostname"},{"name":"NewUser","description":"New user to be created on the server","value":"","constraints":"{\"regex\":\"\",\"helpText\":\"\"}","type":"string"}],"dependentArtifacts":null}