{"type":"PlanScript","uri":null,"category":null,"eTag":null,"created":null,"modified":null,"id":"b2fb3c80-d0f7-44eb-8bf2-faacb38acd9e","name":"RHEL-generalize-host-2017-12-12","description":"Remove host configuration","status":null,"state":null,"planType":"capture","content":"# (c) Copyright 2017 Hewlett Packard Enterprise Development LP\n#\n# Licensed under the Apache License, Version 2.0 (the \"License\");\n# you may not use this file except in compliance with the License.\n# You may obtain a copy of the License at http://www.apache.org/licenses/LICENSE-2.0\n#\n# Unless required by applicable law or agreed to in writing, software distributed\n# under the License is distributed on an \"AS IS\" BASIS, WITHOUT WARRANTIES OR\n# CONDITIONS OF ANY KIND, either express or implied. See the License for the\n# specific language governing permissions and limitations under the License.\n\n#Add ImageStreamerCapture file.\nupload -<<END /temp/ImageStreamer/capture_details\n#!/bin/bash\n\necho \"Construct ImageStreamerCapture details file\"\necho \"HPE Image Streamer Capture for RHEL 7.X \" > ./ImageStreamerCapture\necho \"Complete generalization by host state removal\" >> ./ImageStreamerCapture\ndate >> ./ImageStreamerCapture\nexit 0\nEND\n\ndownload /temp/ImageStreamer/capture_details ./capture_details\n!source ./capture_details\nupload ./ImageStreamerCapture /ImageStreamerCapture\n\ncat /ImageStreamerCapture\n\nrm-f /temp/ImageStreamer/capture_details\n\n# Generalize network file \nupload -<<END /etc/sysconfig/network\nEND\n\n#Generalize /etc/hostname\nupload -<<END /etc/hostname\nlocalhost.localdomain.com\nEND\n\n#Generalize /etc/fstab file\n\ndownload /etc/fstab ./fstab\n\nupload -<<END /temp/ImageStreamer/generalize_fstab\n#!/bin/bash\nsed -ie \"/#This/ { N; d; }\" ./fstab\nexit 0\nEND\n\ndownload /temp/ImageStreamer/generalize_fstab ./generalize_fstab\n!source ./generalize_fstab\nupload ./fstab /etc/fstab\n\n-rm-rf /root/LVM-Data1\n\nrm-f /temp/ImageStreamer/generalize_fstab\n\n#Generalize /etc/hosts file\n\ndownload /etc/hosts ./hosts\nupload -<<END /temp/ImageStreamer/generalize_hosts\n#!/bin/bash\n\nsed -ie '/#This/ { N; d; }' ./hosts\nexit 0\nEND\n\ndownload /temp/ImageStreamer/generalize_hosts ./generalize_hosts\n!source ./generalize_hosts\nupload ./hosts /etc/hosts\nrm-f /temp/ImageStreamer/generalize_hosts\n\n#Generalize /etc/init.d directory\nrm-f /etc/init.d/delete_def_route\nrm-f /etc/init.d/rm_del_def_route","customAttributes":null,"hpProvided":true,"dependentArtifacts":null}