{"type":"OeBuildPlan","uri":null,"category":null,"eTag":null,"created":null,"modified":null,"buildPlanid":"c12fe503-58c0-47b0-93be-3e54a4fd0b4b","name":"RHEL-generalize-2018-06-27","description":"Remove personalization settings from RHEL 7.X (c) Copyright 2018 Hewlett Packard Enterprise Development LP Licensed under the Apache License, Version 2.0 (the \"License\");...","status":null,"hpProvided":true,"oeBuildPlanType":"capture","buildStep":[{"planScriptUri":"/rest/plan-scripts/4aad995a-b9b3-4931-b826-c1afaf0c0e02","serialNumber":"1","parameters":null,"planScriptName":"RHEL-mount-generalize-2017-12-12"},{"planScriptUri":"/rest/plan-scripts/b2fb3c80-d0f7-44eb-8bf2-faacb38acd9e","serialNumber":"2","parameters":null,"planScriptName":"RHEL-generalize-host-2017-12-12"},{"planScriptUri":"/rest/plan-scripts/d033bf02-0a84-40de-b31d-67c5d223e9bc","serialNumber":"3","parameters":null,"planScriptName":"RHEL-generalize-users-2018-06-27"},{"planScriptUri":"/rest/plan-scripts/73093442-855a-4f76-acdb-4f9e31abe466","serialNumber":"4","parameters":null,"planScriptName":"RHEL-generalize-network-2017-12-12"},{"planScriptUri":"/rest/plan-scripts/ebd05f47-fa6d-44bf-a664-78b0789a978c","serialNumber":"5","parameters":null,"planScriptName":"RHEL-unmount-generalize-2017-12-12"}],"customAttributes":[],"dependentArtifacts":null}