{"type":"OeBuildPlan","dependentArtifacts":null,"customAttributes":[{"constraints":"{\"unit\":\"GiB\"}","description":"","name":"LogicalVolumeSize","value":"15","type":"number"},{"constraints":"{}","description":"","name":"SSH","value":"Enabled","type":"string"},{"constraints":"{}","description":"","name":"FirstNicTeamName","value":"team0","type":"string"},{"constraints":"{}","description":"","name":"NewUsers","value":"","type":"string"},{"constraints":"{\"maxlen\":\"10\"}","description":"","name":"NewUsersPassword","value":"","type":"password"},{"constraints":"{}","description":"","name":"DiskName","value":"/dev/sda","type":"string"},{"constraints":"{\"unit\":\"GiB\"}","description":"","name":"FirstPartitionSize","value":"10","type":"number"},{"constraints":"{\"ipv4static\":true,\"ipv4dhcp\":false,\"ipv4disable\":false,\"parameters\":[\"mac\"]}","description":"","name":"Team1NIC2","value":"","type":"nic"},{"constraints":"{\"unit\":\"GiB\"}","description":"","name":"SecondPartitionSize","value":"10","type":"number"},{"constraints":"{}","description":"","name":"TotalNicTeamings","value":"1","type":"string"},{"constraints":"{\"ipv4static\":true,\"ipv4dhcp\":false,\"ipv4disable\":false,\"parameters\":[\"dns1\",\"dns2\",\"domain\",\"gateway\",\"ipaddress\",\"mac\",\"netmask\"]}","description":"","name":"Team1NIC1","value":"","type":"nic"},{"constraints":"{\"ipv4static\":true,\"ipv4dhcp\":false,\"ipv4disable\":false,\"parameters\":[\"mac\"]}","description":"","name":"Team0NIC2","value":"","type":"nic"},{"constraints":"{}","description":"","name":"SecondNicTeamName","value":"team1","type":"string"},{"constraints":"{\"ipv4static\":true,\"ipv4dhcp\":false,\"ipv4disable\":false,\"parameters\":[\"dns1\",\"dns2\",\"domain\",\"gateway\",\"ipaddress\",\"mac\",\"netmask\"]}","description":"","name":"Team0NIC1","value":"","type":"nic"},{"constraints":"{}","description":"","name":"LogicalVolumeName","value":"new_vol","type":"string"},{"constraints":"{\"helpText\":\"\"}","description":"","name":"DomainName","value":"","type":"fqdn"},{"constraints":"{\"maxlen\":\"10\"}","description":"","name":"NewRootPassword","value":"","type":"password"},{"constraints":"{}","description":"","name":"LogicalVolumeGroupName","value":"new_vol_group","type":"string"}],"buildStep":[{"planScriptUri":"/rest/plan-scripts/f3579f13-6365-439c-87e6-9e4e95d8d0eb","planScriptName":"RHEL-7.3-mount-and-validate-2017-03-15","parameters":null,"serialNumber":"1"},{"planScriptUri":"/rest/plan-scripts/ea0de5a8-6e9e-43a5-8d33-d4705da67698","planScriptName":"RHEL-7.3-configure-users-2017-03-15","parameters":null,"serialNumber":"2"},{"planScriptUri":"/rest/plan-scripts/8e5df19c-598a-40b6-9d0c-ac2ac7eabbdf","planScriptName":"RHEL-7.3-configure-multiple-NIC-teaming-2017-06-02","parameters":null,"serialNumber":"3"},{"planScriptUri":"/rest/plan-scripts/73a97210-c791-4e75-b9f3-f62387343237","planScriptName":"RHEL-7.3-configure-hostname-2017-03-15","parameters":null,"serialNumber":"4"},{"planScriptUri":"/rest/plan-scripts/7a42a680-b00b-4196-b5ca-c020b2a17d0b","planScriptName":"RHEL-7.3-manage-security-services-2017-04-20","parameters":null,"serialNumber":"5"},{"planScriptUri":"/rest/plan-scripts/1b8e1093-e245-4b02-904c-695feffa9668","planScriptName":"RHEL-7.3-configure-partition-using-LVM-2017-03-15","parameters":null,"serialNumber":"6"},{"planScriptUri":"/rest/plan-scripts/0138cd7c-27de-4d47-82c9-1a380ba40fe2","planScriptName":"RHEL-7.3-unmount-2017-03-15","parameters":null,"serialNumber":"7"}],"eTag":null,"created":null,"modified":null,"etag":null,"hpProvided":true,"oeBuildPlanType":"deploy","buildPlanid":"6a1f1f5b-d0cd-4260-a87f-b2c640df7fb5","category":null,"description":"Personalize RHEL 7.3 and configure NIC teamings.\n\n(c) Copyright 2017 Hewlett Packard Enterprise Development LP\n\nLicensed under the Apache License, Version 2.0 (the \"License\");...","status":null,"uri":null,"name":"RHEL-7.3-personalize-and-NIC-teamings-LVM-BP-2017-06-02"}