{"type":"PlanScript","dependentArtifacts":null,"hpProvided":true,"eTag":null,"created":null,"modified":null,"customAttributes":null,"planType":"deploy","category":null,"description":"configure hostname","status":null,"uri":null,"name":"RHEL-7.3-configure-hostname-2017-03-15","id":"73a97210-c791-4e75-b9f3-f62387343237","state":null,"content":"# (c) Copyright 2017 Hewlett Packard Enterprise Development LP\n#\n# Licensed under the Apache License, Version 2.0 (the \"License\");\n# you may not use this file except in compliance with the License.\n# You may obtain a copy of the License at http://www.apache.org/licenses/LICENSE-2.0\n#\n# Unless required by applicable law or agreed to in writing, software distributed\n# under the License is distributed on an \"AS IS\" BASIS, WITHOUT WARRANTIES OR\n# CONDITIONS OF ANY KIND, either express or implied. See the License for the\n# specific language governing permissions and limitations under the License.\n\n# Edit network file to set hostname \nupload -<<END /etc/sysconfig/network\n#This file has been altered by Image Streamer.\nNETWORKING=yes\nHOSTNAME=@DomainName@\nEND\n\n# Add /etc/hostname entry for hostname\nupload -<<END /etc/hostname\n@DomainName@\nEND\n\n#Script to Remove default route \nupload -<<END /etc/init.d/delete_def_route\n#!/bin/bash\n# chkconfig: 2345 20 80\n# description: Description comes here....\n\n# Source function library.\n. /etc/init.d/functions\n\ncase \"$1\" in\n    start)\n       #start\n       ip route del default\n       ;;\n    stop)\n       stop\n       ;;\n    restart)\n       stop\n       start\n       ;;\n    status)\n       # code to check status of app comes here\n       # example: status program_name\n       ;;\n    *)\n       echo \"Usage: $0 {start|stop|status|restart}\"\nesac\nexit 0\nEND\n\nupload -<<END /etc/init.d/rm_del_def_route\n#!/bin/bash\n# chkconfig: 2345 20 80\n# description: Description comes here....\n\n# Source function library.\n. /etc/init.d/functions\n\ncase \"$1\" in\n    start)\n\t\tchkconfig --del delete_def_route\n\t\tfile=\"/etc/init.d/delete_def_route\"\n\t\tif [ -f $file ]\n\t\tthen\n\t\t\trm -f $file\n\t\tfi\n\t\tchkconfig --del rm_del_def_route\n\t\tunlink $0\n       ;;\n    stop)\n       stop\n       ;;\n    restart)\n       stop\n       start\n       ;;\n    status)\n       # code to check status of app comes here\n       # example: status program_name\n       ;;\n    *)\n       echo \"Usage: $0 {start|stop|status|restart}\"\nesac\n\nexit 0\nEND\n\nupload -<<END /tmp/ImageStreamer/del-def-route\n#! /bin/bash\n\n#Add to rc.local\ncat <<\"EOF\" >>./rc.local\n\nchmod +x /etc/init.d/delete_def_route\nchkconfig --add /etc/init.d/delete_def_route\nservice delete_def_route start\n\n#### Note ####\n#If you don't want to run the service \"delete_def_route\" after each boot, you can uncomment the block below.\n#chmod +x /etc/init.d/rm_del_def_route\n#chkconfig --add /etc/init.d/rm_del_def_route\n#### Note ####\n\nEOF\n\nexit 0\nEND\n\ndownload /tmp/ImageStreamer/del-def-route ./del-def-route\n!source ./del-def-route\n\n# Configure /etc/hosts by running with the master customize service\nupload -<<END /tmp/configure_hosts\n#! /bin/bash\nsleep 10s\nifaces=`cat /tmp/interface_names`\nrm -f /tmp/interface_names\nread -r -a array <<< $ifaces\niface=${array[0]}\nip_address=`ip a | grep $iface | grep 'inet' | cut -d: -f2 | awk '{ print $2}' | cut -d/ -f1`\nfqdn=@DomainName@\nalias=`echo \"$fqdn\" | awk -F'[.]' '{print $1}'`\nsed -i \"/127.0.0.1/a\\\\$ip_address $fqdn $alias\" /etc/hosts\nsed -i \"/127.0.0.1/a\\\\#This file has been altered by Image Streamer.\" /etc/hosts\nunlink $0\nEND\n\necho \"-------- new /etc/sysconfig/network ----------\"\ncat /etc/sysconfig/network\n\necho \"-------- new /etc/hostname ----------\"\ncat /etc/hostname\n\n#Add the generated script to rc.local to run at boot time.\n!echo \"sh /tmp/configure_hosts\" >> rc.local"}