{"type":"PlanScript","dependentArtifacts":null,"hpProvided":true,"eTag":null,"created":null,"modified":null,"customAttributes":null,"planType":"deploy","category":null,"description":"configure NIC teaming","status":null,"uri":null,"name":"RHEL-7.3-configure-multiple-NIC-teaming-2017-06-02","id":"8e5df19c-598a-40b6-9d0c-ac2ac7eabbdf","state":null,"content":"# (c) Copyright 2017 Hewlett Packard Enterprise Development LP\n#\n# Licensed under the Apache License, Version 2.0 (the \"License\");\n# you may not use this file except in compliance with the License.\n# You may obtain a copy of the License at http://www.apache.org/licenses/LICENSE-2.0\n#\n# Unless required by applicable law or agreed to in writing, software distributed\n# under the License is distributed on an \"AS IS\" BASIS, WITHOUT WARRANTIES OR\n# CONDITIONS OF ANY KIND, either express or implied. See the License for the\n# specific language governing permissions and limitations under the License.\n\n#Child script for NIC Teaming.\nupload -<<END /tmp/NIC-teaming\n#! /bin/bash\nteam_name=$1\nnet1_mac=$2\nnet2_mac=$3\nnet1_ip=$4\nnet1_gw=$5\ndomain=$6\ndns1=$7\ndns2=$8\nnetmask=$9\n\nmask2cidr() {\n    nbits=0\n    IFS=.\n    for dec in $1 ; do\n        case $dec in\n            255) let nbits+=8;;\n            254) let nbits+=7;;\n            252) let nbits+=6;;\n            248) let nbits+=5;;\n            240) let nbits+=4;;\n            224) let nbits+=3;;\n            192) let nbits+=2;;\n            128) let nbits+=1;;\n            0);;\n            *) echo \"Error: $dec is not recognised\"; exit 1\n        esac\n    done\n    echo \"$nbits\"\n}\n\n#Check the maching interface names for mac addresses.\ninterfaces=`ls /sys/class/net/`\nfor iface in $interfaces\ndo\n\tmac=`cat /sys/class/net/$iface/address`\n\tif [ ${mac,,} == ${net1_mac,,} ]\n\tthen\n\t\tnic1=$iface\n\telif [ ${mac,,} == ${net2_mac,,} ]\n\tthen\n\t\tnic2=$iface\n\tfi\ndone\n\t\n#Add $team_name connection.\n\nif [[ -z $net1_ip ]]\nthen\n\techo \"Configure $team_name for DHCP\"\n\tnmcli connection add type team con-name $team_name ifname $team_name\nelse\n\techo \"Configure $team_name for static.\"\n\tnmcli con add con-name $team_name ifname $team_name type team autoconnect yes config '{ \"runner\": {\"name\": \"activebackup\"}}' ip4 $net1_ip/$(mask2cidr $netmask) gw4 $net1_gw\ncat <<CONF>/etc/resolv.conf \n# Generated by Image Streamer\nsearch $domain\nnameserver $dns1\nnameserver $dns2\nCONF\nfi\n\nnmcli connection add type team-slave con-name $team_name-port1 ifname $nic1 master $team_name\nnmcli connection add type team-slave con-name $team_name-port2 ifname $nic2 master $team_name\nexit 0\nEND\n\n#RHEL script to configure NIC teaming on deployment nics\n\nupload -<<END /etc/init.d/ibftT\n#! /bin/bash\n# chkconfig: 345 99 10\n# description: enable nic teaming for ibft interfaces\n\ncase \"$1\" in\n  start)\n        FOUNDibftTeam=`grep \"ibftTeam\" /proc/net/dev`\n        echo \"Running ibft team script\"\n        if  [ -n \"$FOUNDibftTeam\" ] ; then\n            echo \"Deleting existing team\"\n            nmcli con del ibftTeam\n            nmcli con del ibftTeam-port1\n            nmcli con del ibftTeam-port0\n        fi\n        FOUNDibft1=`grep \"ibft1\" /proc/net/dev`\n        echo \"ibft1 : $FOUNDibft1\"\n        if  [ -n \"$FOUNDibft1\" ] ; then\n            #echo yes\n            #Get ibft1 IP, and use as team interface IP\n            ibftIP=`ip addr list ibft1 |grep \"inet \" |cut -d' ' -f6|cut -d/ -f1`\n            echo \"$ibftIP\"\n            nmcli con add con-name ibftTeam ifname ibftTeam type team autoconnect yes config '{ \"runner\": {\"name\": \"activebackup\"}}' ip4 $ibftIP/24\n            nmcli connection add type team-slave con-name ibftTeam-port0 ifname ibft0 master ibftTeam\n            nmcli connection up ibftTeam-port0\n            nmcli connection add type team-slave con-name ibftTeam-port1 ifname ibft1 master ibftTeam\n            nmcli connection up ibftTeam-port1\n        fi\n        echo \"Completed ibft team configuration\"\n        ;;\n  *)\n        echo \"Usage: /sbin/service new-service {start|stop}\"\n        exit 1\nesac\nexit 0\nEND\n\n#Parent script for NIC Teaming.\nupload -<<END /tmp/ImageStreamer/teaming-configuration\n#! /bin/bash\nteam_count=@TotalNicTeamings:1@\nteam0=@FirstNicTeamName:team0@\nteam1=@SecondNicTeamName:team1@\nfor i in `seq 1 $team_count`\ndo\n\tif [ $i -eq 1 ];then\n\t\techo \"echo $team0 > /tmp/interface_names\" >> ./rc.local\n\t\tif [[ \"@Team0NIC1.ipaddress@\" =~ [0-9]*\\.[0-9]*\\.[0-9]*\\.[0-9]* ]]; then\n\t\t\techo \"sh /tmp/NIC-teaming $team0 @Team0NIC1.mac@ @Team0NIC2.mac@ @Team0NIC1.ipaddress@ @Team0NIC1.gateway@ @Team0NIC1.domain@ @Team0NIC1.dns1@ @Team0NIC1.dns2@ @Team0NIC1.netmask@\" >> ./rc.local\n\t\telse\n\t\t\techo \"sh /tmp/NIC-teaming $team0 @Team0NIC1.mac@ @Team0NIC2.mac@\" >> ./rc.local\n\t\tfi\n\telif [ $i -eq 2 ];then\n\t\techo \"echo $team1 >> /tmp/interface_names\" >> ./rc.local\n\t\tif [[ \"@Team1NIC1.ipaddress@\" =~ [0-9]*\\.[0-9]*\\.[0-9]*\\.[0-9]* ]]; then\n\t\t\techo \"sh /tmp/NIC-teaming $team1 @Team1NIC1.mac@ @Team1NIC2.mac@ @Team1NIC1.ipaddress@ @Team1NIC1.gateway@ @Team1NIC1.domain@ @Team1NIC1.dns1@ @Team1NIC1.dns2@ @Team1NIC1.netmask@\" >> ./rc.local\n\t\telse\n\t\t\techo \"sh /tmp/NIC-teaming $team1 @Team1NIC1.mac@ @Team1NIC2.mac@\" >> ./rc.local\n\t\tfi\n\tfi\ndone\n\necho \"chmod 755 /etc/init.d/ibftT\" >> ./rc.local\necho \"chkconfig --add ibftT\" >> ./rc.local\necho \"rm -rf /tmp/NIC-teaming\" >> ./rc.local\necho \"service network restart\" >> ./rc.local\necho \"service ibftT start\" >> ./rc.local\n\nEND\n\ndownload /tmp/ImageStreamer/teaming-configuration ./teaming-configuration\n!source ./teaming-configuration"}