{"type":"OeBuildPlan","dependentArtifacts":null,"customAttributes":[],"buildStep":[{"planScriptUri":"/rest/plan-scripts/22d800fa-bcee-4b65-851c-95620aaf945a","planScriptName":"RHEL-7.3-mount-generalize-2017-03-15","parameters":null,"serialNumber":"1"},{"planScriptUri":"/rest/plan-scripts/e9c771c7-b249-47ca-92c3-7b49bb7dcb82","planScriptName":"RHEL-7.3-generalize-host-2017-03-15","parameters":null,"serialNumber":"2"},{"planScriptUri":"/rest/plan-scripts/7f5b919f-ccbf-4998-83f1-654217125eb9","planScriptName":"RHEL-7.3-generalize-users-2017-03-15","parameters":null,"serialNumber":"3"},{"planScriptUri":"/rest/plan-scripts/306337e1-c65f-4ced-8a49-f68a20d119af","planScriptName":"RHEL-7.3-generalize-network-2017-06-01","parameters":null,"serialNumber":"4"},{"planScriptUri":"/rest/plan-scripts/93ef09dd-33e4-40c6-998a-5ac1bf1abae1","planScriptName":"RHEL-7.3-unmount-generalize-2017-03-15","parameters":null,"serialNumber":"5"}],"eTag":null,"created":null,"modified":null,"etag":null,"hpProvided":true,"oeBuildPlanType":"capture","buildPlanid":"e474162c-ffe6-4e3c-bd06-06d207f8bb83","category":null,"description":"Remove personalization settings from RHEL 7.3.\n\n(c) Copyright 2017 Hewlett Packard Enterprise Development LP\n\nLicensed under the Apache License, Version 2.0 (the \"License\");...","status":null,"uri":null,"name":"RHEL-7.3-generalize-2017-06-01"}