{"type":"OeBuildPlan","dependentArtifacts":null,"customAttributes":[{"constraints":"{\"unit\":\"GiB\"}","description":"","name":"LogicalVolumeSize","value":"15","type":"number"},{"constraints":"{\"options\":[\"Enabled\",\"Disabled\"]}","description":"","name":"SSH","value":"Enabled","type":"option"},{"constraints":"{}","description":"","name":"NewUsers","value":"","type":"string"},{"constraints":"{\"maxlen\":\"10\"}","description":"","name":"NewUsersPassword","value":"","type":"password"},{"constraints":"{}","description":"","name":"TotalMgmtNICs","value":"1","type":"string"},{"constraints":"{}","description":"","name":"DiskName","value":"/dev/sda","type":"string"},{"constraints":"{\"unit\":\"GiB\"}","description":"","name":"FirstPartitionSize","value":"10","type":"number"},{"constraints":"{\"unit\":\"GiB\"}","description":"","name":"SecondPartitionSize","value":"10","type":"number"},{"constraints":"{\"helpText\":\"\"}","description":"","name":"DomainName","value":"","type":"fqdn"},{"constraints":"{}","description":"","name":"LogicalVolumeName","value":"new_vol","type":"string"},{"constraints":"{\"ipv4static\":true,\"ipv4dhcp\":true,\"ipv4disable\":true,\"parameters\":[\"dns1\",\"dns2\",\"domain\",\"gateway\",\"ipaddress\",\"mac\",\"netmask\"]}","description":"","name":"ManagementNIC3","value":null,"type":"nic"},{"constraints":"{\"maxlen\":\"10\"}","description":"","name":"NewRootPassword","value":"","type":"password"},{"constraints":"{\"ipv4static\":true,\"ipv4dhcp\":true,\"ipv4disable\":true,\"parameters\":[\"dns1\",\"dns2\",\"domain\",\"gateway\",\"ipaddress\",\"mac\",\"netmask\"]}","description":"","name":"ManagementNIC4","value":null,"type":"nic"},{"constraints":"{\"ipv4static\":true,\"ipv4dhcp\":true,\"ipv4disable\":true,\"parameters\":[\"dns1\",\"dns2\",\"domain\",\"gateway\",\"ipaddress\",\"mac\",\"netmask\"]}","description":"","name":"ManagementNIC1","value":null,"type":"nic"},{"constraints":"{}","description":"","name":"LogicalVolumeGroupName","value":"new_vol_group","type":"string"},{"constraints":"{\"ipv4static\":true,\"ipv4dhcp\":true,\"ipv4disable\":true,\"parameters\":[\"dns1\",\"dns2\",\"domain\",\"gateway\",\"ipaddress\",\"mac\",\"netmask\"]}","description":"","name":"ManagementNIC2","value":null,"type":"nic"}],"buildStep":[{"planScriptName":"RHEL-7.2-mount-and-validate-2017-03-15","planScriptUri":"/rest/plan-scripts/e1206c67-fc44-4978-85e2-0087299adec5","parameters":null,"serialNumber":"1"},{"planScriptName":"RHEL-7.2-configure-users-2017-03-15","planScriptUri":"/rest/plan-scripts/536412cf-8184-48ff-92d1-770d8441b501","parameters":null,"serialNumber":"2"},{"planScriptName":"RHEL-7.2-configure-multiple-NICs-2017-03-15","planScriptUri":"/rest/plan-scripts/10d8efba-34ce-40fd-b36d-c1e21695fc55","parameters":null,"serialNumber":"3"},{"planScriptName":"RHEL-7.2-configure-hostname-2017-03-15","planScriptUri":"/rest/plan-scripts/209c41f2-7800-446c-97ea-514b16bf8854","parameters":null,"serialNumber":"4"},{"planScriptName":"RHEL-7.2-manage-security-services-2017-03-15","planScriptUri":"/rest/plan-scripts/94f6cd03-1194-4434-82ce-667009ce5280","parameters":null,"serialNumber":"5"},{"planScriptName":"RHEL-7.2-configure-partition-using-LVM-2017-03-15","planScriptUri":"/rest/plan-scripts/fc2e7e59-ea74-4d47-ab80-0890f47dfc9f","parameters":null,"serialNumber":"6"},{"planScriptName":"RHEL-7.2-unmount-2017-03-15","planScriptUri":"/rest/plan-scripts/92df7fc7-57cb-4d5d-9117-03dbe257ca6d","parameters":null,"serialNumber":"7"}],"eTag":null,"created":null,"modified":null,"etag":null,"hpProvided":true,"buildPlanid":"9de4a48a-0aea-45a5-8b28-9812fec0c5c8","oeBuildPlanType":"deploy","description":"Personalizes RHEL 7.2 and configures NICs\n(c) Copyright 2017 Hewlett Packard Enterprise Development LP\n\nLicensed under the Apache License, Version 2.0 (the \"License\");...","category":null,"status":null,"uri":null,"name":"RHEL-7.2-personalize-and-configure-NICs-LVM-BP-2017-03-23"}
