{"type":"OeBuildPlan","dependentArtifacts":null,"customAttributes":[],"buildStep":[{"planScriptName":"RHEL-7.2-mount-generalize-2017-03-15","planScriptUri":"/rest/plan-scripts/f051ae88-1110-43d4-bce9-6beca95bd014","parameters":null,"serialNumber":"1"},{"planScriptName":"RHEL-7.2-generalize-host-2017-03-15","planScriptUri":"/rest/plan-scripts/fd6b1af5-db51-4286-aa25-74d2473fe211","parameters":null,"serialNumber":"2"},{"planScriptName":"RHEL-7.2-generalize-users-2017-03-15","planScriptUri":"/rest/plan-scripts/db9748fb-4177-4cef-b0c6-c7411966eb07","parameters":null,"serialNumber":"3"},{"planScriptName":"RHEL-7.2-generalize-network-2017-03-15","planScriptUri":"/rest/plan-scripts/5dc29a03-8575-4a60-a89e-19f11d0aa19a","parameters":null,"serialNumber":"4"},{"planScriptName":"RHEL-7.2-unmount-generalize-2017-03-15","planScriptUri":"/rest/plan-scripts/edf00ca1-6cf4-4138-9daf-8fdbb1e97c62","parameters":null,"serialNumber":"5"}],"eTag":null,"created":null,"modified":null,"etag":null,"hpProvided":true,"buildPlanid":"d07a9e19-df6f-4f16-9099-c13c9737556f","oeBuildPlanType":"capture","description":"Remove personalization settings from RHEL 7.2\n\n(c) Copyright 2017 Hewlett Packard Enterprise Development LP\n\nLicensed under the Apache License, Version 2.0 (the \"License\");...","category":null,"status":null,"uri":null,"name":"RHEL-7.2-generalize-2017-03-23"}
