{"type":"PlanScript","uri":null,"category":null,"eTag":null,"created":null,"modified":null,"id":"29842898-0f3e-4a95-9d64-9c100b06a968","name":"HPE-RHEL7-EFI-unmount-2019-03-21","description":"Unmounts the EFI partition","status":null,"state":null,"planType":"general","content":"# (c) Copyright 2018-2019 Hewlett Packard Enterprise Development LP\n#\n# Licensed under the Apache License, Version 2.0 (the \"License\");\n# you may not use this file except in compliance with the License.\n# You may obtain a copy of the License at http://www.apache.org/licenses/LICENSE-2.0\n#\n# Unless required by applicable law or agreed to in writing, software distributed\n# under the License is distributed on an \"AS IS\" BASIS, WITHOUT WARRANTIES OR\n# CONDITIONS OF ANY KIND, either express or implied. See the License for the\n# specific language governing permissions and limitations under the License.\n\n#unmount the EFI partition\n\nunmount /","customAttributes":null,"hpProvided":true,"dependentArtifacts":null}