{"type":"OeBuildPlan","uri":null,"category":null,"eTag":null,"created":null,"modified":null,"buildPlanid":"6977bd46-d43c-484c-8e23-4105c991ac87","name":"HPE-RHEL7-EFI-personalize-and-configure-NICs-LVM-2019-06-11","description":"Personalizes RHEL 7.X for XFS Partition using EFI and configures Multi NIC's  Copyright 2018 -2019 Hewlett Packard Enterprise Development LP Licensed under the Apache License, Version 2.0 (the \"License\");...","status":null,"hpProvided":true,"oeBuildPlanType":"deploy","buildStep":[{"planScriptUri":"/rest/plan-scripts/c3de07cc-8138-48d9-be76-c80a4875fc35","serialNumber":"1","parameters":null,"planScriptName":"HPE-RHEL7-EFI-mount-2019-03-21"},{"planScriptUri":"/rest/plan-scripts/77d9557c-18f0-4f7d-a1e3-b2b4a8b91f9d","serialNumber":"2","parameters":null,"planScriptName":"HPE-RHEL7-EFI-wrapper-2019-03-21"},{"planScriptUri":"/rest/plan-scripts/8677fc04-6061-401e-9e5a-87f8756d7714","serialNumber":"3","parameters":null,"planScriptName":"HPE-RHEL7-EFI-configure-users-2019-03-21"},{"planScriptUri":"/rest/plan-scripts/7f436449-921d-46d6-adaf-e638174b165b","serialNumber":"4","parameters":null,"planScriptName":"HPE-RHEL7-EFI-configure-multiple-NICs-2019-03-21"},{"planScriptUri":"/rest/plan-scripts/4d4778e2-ced4-4864-872d-04f4b6fcb9e5","serialNumber":"5","parameters":null,"planScriptName":"HPE-RHEL7-EFI-configure-hostname-2019-03-21"},{"planScriptUri":"/rest/plan-scripts/eccaa17b-b9ca-45a6-a317-181965494101","serialNumber":"6","parameters":null,"planScriptName":"HPE-RHEL7-EFI-manage-security-services-2019-03-21"},{"planScriptUri":"/rest/plan-scripts/5844db39-92fe-4707-b614-b56afda6cd9b","serialNumber":"7","parameters":null,"planScriptName":"HPE-RHEL7-EFI-configure-partition-using-LVM-2019-05-01"},{"planScriptUri":"/rest/plan-scripts/29842898-0f3e-4a95-9d64-9c100b06a968","serialNumber":"8","parameters":null,"planScriptName":"HPE-RHEL7-EFI-unmount-2019-03-21"}],"customAttributes":[{"name":"LvmVolumeName","description":"A name for the logical volume created on the host.","value":"new_vol","constraints":"{\"regex\":\"\",\"helpText\":\"\"}","type":"string"},{"name":"DomainName","description":"Domain name for the host","value":"","constraints":"{\"helpText\":\"\"}","type":"fqdn"},{"name":"FirstPartitionSize","description":"A partition size for the first partition on the disk","value":"10","constraints":"{\"unit\":\"GB\"}","type":"number"},{"name":"SSH","description":"SSH service to enable clients to connect via SSH protocol.","value":"Enable","constraints":"{\"options\":[\"Enable\",\"Disable\"]}","type":"option"},{"name":"NewRootPassword","description":"Password for the new root user.","value":"","constraints":"{\"maxlen\":\"20\"}","type":"password"},{"name":"TotalMgmtNICs","description":"A count to keep track of the total NIC's to be added on the host.","value":"1","constraints":"{\"minimum\":\"1\",\"maximum\":\"4\",\"increment\":\"1\"}","type":"number"},{"name":"DiskName","description":"The prefix disk name for e.g /dev/sda to configure partitions on the host","value":"/dev/sda","constraints":"{\"regex\":\"\",\"helpText\":\"\"}","type":"string"},{"name":"LvmVolumeSize","description":"Size for the logical volume to be created on the host.","value":"16","constraints":"{\"unit\":\"GB\"}","type":"number"},{"name":"FileSystem","description":"Type of FileSystem","value":"Disabled","constraints":"{\"options\":[\"XFS\",\"EXT4\",\"BTRFS\",\"Disabled\"]}","type":"option"},{"name":"ManagementNIC2","description":"Management NIC attributes for NIC2. The mac sub-attribute is a mandatory field in NIC type custom attributes.","value":null,"constraints":"{\"ipv4static\":true,\"ipv4dhcp\":true,\"ipv4disable\":true,\"parameters\":[\"dns1\",\"dns2\",\"domain\",\"gateway\",\"ipaddress\",\"mac\",\"netmask\",\"vlanid\"]}","type":"nic"},{"name":"NewUsersPassword","description":"Password for the new user to be created on the server.","value":"","constraints":"{\"maxlen\":\"20\"}","type":"password"},{"name":"ManagementNIC1","description":"Management NIC attributes for NIC1. The mac sub-attribute is a mandatory field in NIC type custom attributes.","value":null,"constraints":"{\"ipv4static\":true,\"ipv4dhcp\":true,\"ipv4disable\":false,\"parameters\":[\"dns1\",\"dns2\",\"domain\",\"gateway\",\"ipaddress\",\"mac\",\"netmask\",\"vlanid\"]}","type":"nic"},{"name":"SecondPartitionSize","description":"A size for the second partition created on the server.","value":"10","constraints":"{\"unit\":\"GB\"}","type":"number"},{"name":"ManagementNIC4","description":"Management NIC attributes for NIC4. The mac sub-attribute is a mandatory field in NIC type custom attributes.","value":null,"constraints":"{\"ipv4static\":true,\"ipv4dhcp\":true,\"ipv4disable\":true,\"parameters\":[\"dns1\",\"dns2\",\"domain\",\"gateway\",\"ipaddress\",\"mac\",\"netmask\",\"vlanid\"]}","type":"nic"},{"name":"ManagementNIC3","description":"Management NIC attributes for NIC3. The mac sub-attribute is a mandatory field in NIC type custom attributes.","value":null,"constraints":"{\"ipv4static\":true,\"ipv4dhcp\":true,\"ipv4disable\":true,\"parameters\":[\"dns1\",\"dns2\",\"domain\",\"gateway\",\"ipaddress\",\"mac\",\"netmask\",\"vlanid\"]}","type":"nic"},{"name":"HostName","description":"Hostname for RHEL host. The hostname value can be defined manually or by using the tokens. This value must conform to valid hostname requirement defined by Internet standards.","value":"","constraints":"{\"helpText\":\"\"}","type":"hostname"},{"name":"NewUser","description":"New user to be created on the server.","value":"","constraints":"{\"regex\":\"\",\"helpText\":\"\"}","type":"string"},{"name":"LvmVolumeGroupName","description":"A name for the logical volume group created on the host.","value":"new_vol_group","constraints":"{\"regex\":\"\",\"helpText\":\"\"}","type":"string"}],"dependentArtifacts":null}