{"type":"PlanScript","uri":null,"category":null,"eTag":null,"created":null,"modified":null,"id":"7f436449-921d-46d6-adaf-e638174b165b","name":"HPE-RHEL7-EFI-configure-multiple-NICs-2019-03-21","description":"Configures NICs","status":null,"state":null,"planType":"deploy","content":"# (c) Copyright 2018-2019 Hewlett Packard Enterprise Development LP\n#\n# Licensed under the Apache License, Version 2.0 (the \"License\");\n# you may not use this file except in compliance with the License.\n# You may obtain a copy of the License at http://www.apache.org/licenses/LICENSE-2.0\n#\n# Unless required by applicable law or agreed to in writing, software distributed\n# under the License is distributed on an \"AS IS\" BASIS, WITHOUT WARRANTIES OR\n# CONDITIONS OF ANY KIND, either express or implied. See the License for the\n# specific language governing permissions and limitations under the License.\n\n# Script to configure NICs\n\nupload -<<END /EFI/HPE/isdeploy/tmp/MgmtNIC-configure.bash\n#! /bin/bash\nnet_mac=$1\nvlan=$2\nnet_ip=$3\nnet_gw=$4\nnet_domain=$5\ndns1=$6\ndns2=$7\nnetmask=$8\n\nmask2cidr() {\n    nbits=0\n    IFS=.\n    for dec in $1 ; do\n        case $dec in\n            255) let nbits+=8;;\n            254) let nbits+=7;;\n            252) let nbits+=6;;\n            248) let nbits+=5;;\n            240) let nbits+=4;;\n            224) let nbits+=3;;\n            192) let nbits+=2;;\n            128) let nbits+=1;;\n            0);;\n            *) echo \"Error: $dec is not recognised\"; exit 1\n        esac\n    done\n    echo \"$nbits\"\n}\n\n\nISROOT=\"/boot/efi/EFI/HPE/isdeploy\"\n\n\ncat <<'CONF'> ${SROOT}/tmp/interface_names\necho \" Making this file to tmp save names\"\nCONF\n\n#Check the matching interface name for $net_mac.\ninterfaces=`ls /sys/class/net/`\nfor iface in $interfaces\ndo\n\tmac=`cat /sys/class/net/$iface/address`\n\tif [ ${mac,,} == ${net_mac,,} ]\n\tthen\n\t\tinterface_name=$iface\n\t\techo $interface_name >> ${ISROOT}/tmp/interface_names\n         fi\n\ndone\n\nif [[ -z $net_ip ]]\nthen\n\tif [ $vlan -ne 0 ];then\n\t\techo \"Configure $interface_name for DHCP\"\n\t\tnmcli connection add type vlan con-name $interface_name$vlan ifname $interface_name.$vlan id $vlan dev $interface_name\n\telse\n\t\tnmcli connection add con-name $interface_name ifname $interface_name type ethernet autoconnect yes\n\tfi\nelse\n\techo \"Configure $interface_name for static.\"\n\t\n\tif [ $vlan -ne 0 ];then\n\t\tnmcli connection add type vlan con-name $interface_name$vlan ifname $interface_name.$vlan id $vlan dev $interface_name ip4 $net_ip/$(mask2cidr $netmask) gw4 $net_gw\n\telse\n\t\tnmcli con add con-name $interface_name ifname $interface_name  type ethernet autoconnect yes ip4 $net_ip/$(mask2cidr $netmask) gw4 $net_gw\n\tfi\n\t\ncat <<CONF>/etc/resolv.conf \n# Generated by Image Streamer\nsearch $net_domain\nnameserver $dns1\nnameserver $dns2\nCONF\nfi\n\ncat <<CONF>/etc/sysconfig/network\n#This file has been modified by Image Streamer.\nNETWORKING=yes\nGATEWAY=$net_gw \nCONF\n\nexit 0\nEND\n\nupload -<<END /EFI/HPE/isdeploy/scripts/04Mgmt-configuration.bash\n#! /bin/bash\nNICs_count=@TotalMgmtNICs@\n\nISROOT=\"/boot/efi/EFI/HPE/isdeploy\"\n\nfor i in `seq 1 $NICs_count`\ndo\n\tif [ $i -eq 1 ];then\n\t\tif [[ \"@ManagementNIC1.ipaddress@\" =~ [0-9]*\\.[0-9]*\\.[0-9]*\\.[0-9]* ]]; then\n\t\t\tsh ${ISROOT}/tmp/MgmtNIC-configure.bash @ManagementNIC1.mac@ @ManagementNIC1.vlanid@ @ManagementNIC1.ipaddress@ @ManagementNIC1.gateway@ @ManagementNIC1.domain@ @ManagementNIC1.dns1@ @ManagementNIC1.dns2@ @ManagementNIC1.netmask@\n\t\telse\n\t\t\tsh ${ISROOT}/tmp/MgmtNIC-configure.bash @ManagementNIC1.mac@ @ManagementNIC1.vlanid@\n\t\tfi\n\telif [ $i -eq 2 ];then\n\t\tif [[ \"@ManagementNIC2.ipaddress@\" =~ [0-9]*\\.[0-9]*\\.[0-9]*\\.[0-9]* ]]; then\n\t\t\tsh ${ISROOT}/tmp/MgmtNIC-configure.bash @ManagementNIC2.mac@ @ManagementNIC2.vlanid@ @ManagementNIC2.ipaddress@ @ManagementNIC2.gateway@ @ManagementNIC2.domain@ @ManagementNIC2.dns1@ @ManagementNIC2.dns2@ @ManagementNIC2.netmask@\n\t\telse\n\t\t\tsh ${ISROOT}/tmp/MgmtNIC-configure.bash @ManagementNIC2.mac@ @ManagementNIC2.vlanid@\n\t\tfi\n\telif [ $i -eq 3 ];then\n\t\tif [[ \"@ManagementNIC3.ipaddress@\" =~ [0-9]*\\.[0-9]*\\.[0-9]*\\.[0-9]* ]]; then\n\t\t\tsh ${ISROOT}/tmp/MgmtNIC-configure.bash @ManagementNIC3.mac@ @ManagementNIC3.vlanid@ @ManagementNIC3.ipaddress@ @ManagementNIC3.gateway@ @ManagementNIC3.domain@ @ManagementNIC3.dns1@ @ManagementNIC3.dns2@ @ManagementNIC3.netmask@\n\t\telse\n\t\t\tsh ${ISROOT}/tmp/MgmtNIC-configure.bash @ManagementNIC3.mac@ @ManagementNIC3.vlanid@\n\t\tfi\n\telif [ $i -eq 4 ];then\n\t\tif [[ \"@ManagementNIC4.ipaddress@\" =~ [0-9]*\\.[0-9]*\\.[0-9]*\\.[0-9]* ]]; then\n\t\t\tsh ${ISROOT}/tmp/MgmtNIC-configure.bash @ManagementNIC4.mac@ @ManagementNIC4.vlanid@ @ManagementNIC4.ipaddress@ @ManagementNIC4.gateway@ @ManagementNIC4.domain@ @ManagementNIC4.dns1@ @ManagementNIC4.dns2@ @ManagementNIC4.netmask@\n\t\telse\n\t\t\tsh ${ISROOT}/tmp/MgmtNIC-configure.bash @ManagementNIC4.mac@ @ManagementNIC4.vlanid@\n\t\tfi\n\tfi\ndone\n\necho \"Mgmt NIC Configuration done\"\n\nexit 0\nEND","customAttributes":null,"hpProvided":true,"dependentArtifacts":null}