{"type":"PlanScript","uri":null,"category":null,"eTag":null,"created":null,"modified":null,"id":"b6f243bd-a9ab-443e-905b-b9a4638a8591","name":"HPE-RHEL7-EFI-configure-deployment-NIC-teaming-2019-03-25","description":"Script to configure deployment interface teaming (ibftNIC teaming)","status":null,"state":null,"planType":"deploy","content":"# (c) Copyright 2018-2019 Hewlett Packard Enterprise Development LP\n#\n# Licensed under the Apache License, Version 2.0 (the \"License\");\n# you may not use this file except in compliance with the License.\n# You may obtain a copy of the License at http://www.apache.org/licenses/LICENSE-2.0\n#\n# Unless required by applicable law or agreed to in writing, software distributed\n# under the License is distributed on an \"AS IS\" BASIS, WITHOUT WARRANTIES OR\n# CONDITIONS OF ANY KIND, either express or implied. See the License for the\n# specific language governing permissions and limitations under the License.\n\n#RHEL script to configure NIC teaming on deployment NICs\nupload -<<END /EFI/HPE/isdeploy/scripts/03Deployment-NIC-bonding.bash\n#/bin/bash\n\ncat <<'CONF'> /etc/init.d/ibftT\n# description: enable nic teaming for ibft interfaces\n\ncase \"$1\" in\n  start)\n        FOUNDibftTeam=`grep \"ibftTeam\" /proc/net/dev`\n        echo \"Running ibft team script\"\n        if  [ -n \"$FOUNDibftTeam\" ] ; then\n            echo \"Deleting existing team\"\n            nmcli con del ibftTeam\n            nmcli con del ibftTeam-port1\n            nmcli con del ibftTeam-port0\n        fi\n        FOUNDibft1=`grep \"ibft1\" /proc/net/dev`\n\t\tFOUNDibft0=`grep \"ibft0\" /proc/net/dev`\n        echo \"ibft1 : $FOUNDibft1\"\n        if  [ -n \"$FOUNDibft1\" ] ; then\n            #echo yes\n            #Get ibft1 IP, and use as team interface IP\n            ibftIP=`ip addr list ibft1 |grep -w \"inet\" |cut -d' ' -f6|cut -d'/' -f1`\n            ibftIPMask=`ip addr list ibft1 |grep -w \"inet\" |cut -d' ' -f6|cut -d'/' -f2`\n            echo \"$ibftIP\"\n\t\telse\n\t\t\t#if ibft1 ip is down, atleast one of the ibft interface should be up\n\t\t\tibftIP=`ip addr list ibft0 |grep -w \"inet\" |cut -d' ' -f6|cut -d'/' -f1`\n            ibftIPMask=`ip addr list ibft0 |grep -w \"inet\" |cut -d' ' -f6|cut -d'/' -f2`\n\t\t\n        fi\n\t\tnmcli con add con-name ibftTeam ifname ibftTeam type team autoconnect yes config '{ \"runner\": {\"name\": \"activebackup\"}}' ip4 $ibftIP/$ibftIPMask\n        if [ -n \"$FOUNDibft0\" ]; then\n\t\tnmcli connection add type team-slave con-name ibftTeam-port0 ifname ibft0 master ibftTeam\n        nmcli connection up ibftTeam-port0\n\t\tfi\n\t\tif [ -n \"$FOUNDibft1\" ]; then \n        nmcli connection add type team-slave con-name ibftTeam-port1 ifname ibft1 master ibftTeam\n        nmcli connection up ibftTeam-port1\n\t\tfi\n        echo \"Completed ibft team configuration\"\n        ;;\n  *)\n        echo \"Usage: /sbin/service new-service {start|stop}\"\n        exit 1\nesac\nexit 0\nCONF\n\n\n\nchmod 755 /etc/init.d/ibftT\nchkconfig --add ibftT\nservice network restart\nsleep 120;  service ibftT start \n\nEND","customAttributes":null,"hpProvided":true,"dependentArtifacts":null}