{"type":"OeBuildPlan","uri":null,"category":null,"eTag":null,"created":null,"modified":null,"buildPlanid":"6e4289d4-096f-4ea2-8d6f-fbd1a0169e4c","name":"HPE-RHEL7-EFI-personalize-and-configure-NIC-teamings-LVM-2020-04-08","description":"Personalizes RHEL7 for XFS Partition using EFI and configures NIC teaming (c) Copyright 2018-2020 Hewlett Packard Enterprise Development LP Licensed under the Apache License, Version 2.0 (the \"License\");...","status":null,"hpProvided":true,"oeBuildPlanType":"deploy","buildStep":[{"planScriptUri":"/rest/plan-scripts/a9cfe338-d8b6-48ef-8d98-b3cd28fb9abb","serialNumber":"1","parameters":null,"planScriptName":"HPE-RHEL7-EFI-mount-2019-03-21"},{"planScriptUri":"/rest/plan-scripts/f31bc2ce-8c13-45cc-a281-41a8d9c39dac","serialNumber":"2","parameters":null,"planScriptName":"HPE-RHEL7-EFI-wrapper-2019-03-21"},{"planScriptUri":"/rest/plan-scripts/24e3db30-983e-49c7-bdb1-3f33932c4808","serialNumber":"3","parameters":null,"planScriptName":"HPE-RHEL7-EFI-configure-deployment-NIC-teaming-2020-04-06"},{"planScriptUri":"/rest/plan-scripts/5118a8a3-e6f5-4525-abf5-14a43a630b0a","serialNumber":"4","parameters":null,"planScriptName":"HPE-RHEL7-EFI-configure-management-NIC-teaming-2020-04-08"},{"planScriptUri":"/rest/plan-scripts/c1a51f22-df0e-46f6-bd8e-d7443d2b9ad4","serialNumber":"5","parameters":null,"planScriptName":"HPE-RHEL7-EFI-configure-users-2019-03-21"},{"planScriptUri":"/rest/plan-scripts/5f4548d6-627b-49fc-8140-0b8e4f23b91e","serialNumber":"6","parameters":null,"planScriptName":"HPE-RHEL7-EFI-configure-hostname-2019-03-21"},{"planScriptUri":"/rest/plan-scripts/c413c855-4e18-447e-9510-1e5f16978cc9","serialNumber":"7","parameters":null,"planScriptName":"HPE-RHEL7-EFI-manage-security-services-2019-03-21"},{"planScriptUri":"/rest/plan-scripts/72d49037-64d9-4078-9720-7cfc944b256a","serialNumber":"8","parameters":null,"planScriptName":"HPE-RHEL7-EFI-configure-partition-using-LVM-2019-05-01"},{"planScriptUri":"/rest/plan-scripts/46795bfa-5021-43fa-ad4a-f798d1054b0c","serialNumber":"9","parameters":null,"planScriptName":"HPE-RHEL7-EFI-unmount-2019-03-21"}],"customAttributes":[{"name":"Team1NIC2","description":"The mac sub-attribute is a mandatory field in NIC type custom attributes.","value":null,"constraints":"{\"ipv4static\":true,\"ipv4dhcp\":true,\"ipv4disable\":true,\"parameters\":[\"mac\",\"vlanid\"]}","type":"nic"},{"name":"Team1NIC1","description":"The mac sub-attribute is a mandatory field in NIC type custom attributes.","value":null,"constraints":"{\"ipv4static\":true,\"ipv4dhcp\":true,\"ipv4disable\":true,\"parameters\":[\"dns1\",\"dns2\",\"domain\",\"gateway\",\"ipaddress\",\"mac\",\"netmask\",\"vlanid\"]}","type":"nic"},{"name":"LvmVolumeName","description":"A name for the logical volume created on the host.","value":"new_vol","constraints":"{\"regex\":\"\",\"helpText\":\"\",\"options\":[\"new_vol\"]}","type":"string"},{"name":"DomainName","description":"Domain name for the host.","value":"","constraints":"{\"helpText\":\"\"}","type":"fqdn"},{"name":"FirstPartitionSize","description":"A partition size for the first partition on the disk.","value":"10","constraints":"{\"unit\":\"GB\"}","type":"number"},{"name":"SSH","description":"SSH service to enable clients to connect via SSH protocol.","value":"Enable","constraints":"{\"options\":[\"Enable\",\"Disable\"]}","type":"option"},{"name":"NewRootPassword","description":"Password for the new root user.","value":"","constraints":"{\"maxlen\":\"20\"}","type":"password"},{"name":"DiskName","description":"The disk partition prefix for e.g. \"/dev/sda\" to be able to create partitions on the volume.","value":"/dev/sda","constraints":"{\"regex\":\"\",\"helpText\":\"\"}","type":"string"},{"name":"Team0NIC1","description":"The mac sub-attribute is a mandatory field in NIC type custom attributes.","value":null,"constraints":"{\"ipv4static\":true,\"ipv4dhcp\":true,\"ipv4disable\":false,\"parameters\":[\"dns1\",\"dns2\",\"domain\",\"gateway\",\"ipaddress\",\"mac\",\"netmask\",\"vlanid\"]}","type":"nic"},{"name":"Team0NIC2","description":"The mac sub-attribute is a mandatory field in NIC type custom attributes.","value":null,"constraints":"{\"ipv4static\":true,\"ipv4dhcp\":true,\"ipv4disable\":false,\"parameters\":[\"mac\",\"vlanid\"]}","type":"nic"},{"name":"LvmVolumeSize","description":"Size for the logical volume to be created on the host.","value":"16","constraints":"{\"unit\":\"GB\"}","type":"number"},{"name":"NICTeam0Name","description":"Name of the NICTeam0","value":"team0","constraints":"{\"regex\":\"\",\"helpText\":\"\",\"options\":[\"team0\"]}","type":"string"},{"name":"FileSystem","description":"Type of FileSystem","value":"Disabled","constraints":"{\"options\":[\"XFS\",\"EXT4\",\"BTRFS\",\"Disabled\"]}","type":"option"},{"name":"NICTeam1Name","description":"Name of NICTeam1","value":"team1","constraints":"{\"regex\":\"\",\"helpText\":\"\"}","type":"string"},{"name":"NewUsersPassword","description":"Password for the new user to be created on the server.","value":"","constraints":"{\"maxlen\":\"20\"}","type":"password"},{"name":"SecondPartitionSize","description":"A partition size for the second partition created on the volume.","value":"10","constraints":"{\"unit\":\"GB\"}","type":"number"},{"name":"TotalNICTeamings","description":"A count to keep track of the total teaming to be done on the host.","value":"1","constraints":"{\"minimum\":\"1\",\"maximum\":\"2\"}","type":"number"},{"name":"HostName","description":"Hostname for RHEL host. The hostname value can be defined manually or by using the tokens. This value must conform to valid hostname requirement defined by Internet standards.","value":"","constraints":"{\"helpText\":\"\"}","type":"hostname"},{"name":"NewUser","description":"New user to be created on the server.","value":"","constraints":"{\"regex\":\"\",\"helpText\":\"\"}","type":"string"},{"name":"LvmVolumeGroupName","description":"A name for the logical volume group created on the host.","value":"new_vol_group","constraints":"{\"regex\":\"\",\"helpText\":\"\",\"options\":[\"new_vol_group\"]}","type":"string"}],"dependentArtifacts":null}