{"type":"PlanScript","uri":null,"category":null,"eTag":null,"created":null,"modified":null,"id":"a9cfe338-d8b6-48ef-8d98-b3cd28fb9abb","name":"HPE-RHEL7-EFI-mount-2019-03-21","description":"Mounts EFI partition (/dev/sda1) as root(/)","status":null,"state":null,"planType":"general","content":"# (c) Copyright 2018-2020 Hewlett Packard Enterprise Development LP\n#\n# Licensed under the Apache License, Version 2.0 (the \"License\");\n# you may not use this file except in compliance with the License.\n# You may obtain a copy of the License at http://www.apache.org/licenses/LICENSE-2.0\n#\n# Unless required by applicable law or agreed to in writing, software distributed\n# under the License is distributed on an \"AS IS\" BASIS, WITHOUT WARRANTIES OR\n# CONDITIONS OF ANY KIND, either express or implied. See the License for the\n# specific language governing permissions and limitations under the License.\n\n# List the Volume Group and lvols:\nvgs\nlvs\n\n# List the filesystems:\nlist-filesystems\n\n# List the devices:\nlist-devices\n\n# Mount the EFI partition\nmount /dev/sda1 /","customAttributes":null,"hpProvided":true,"dependentArtifacts":null}