{"type":"OeBuildPlan","dependentArtifacts":null,"buildStep":[{"planScriptUri":"/rest/plan-scripts/af45b086-2aac-4dec-bae0-d54693f90db9","planScriptName":"RHEL-7.2-mount-and-validate-2017-03-15","parameters":null,"serialNumber":"1"},{"planScriptUri":"/rest/plan-scripts/d4e20c8e-1773-47db-a8e1-b02068cc5c86","planScriptName":"RHEL-7.2-configure-multiple-NIC-teaming-2017-06-02","parameters":null,"serialNumber":"2"},{"planScriptUri":"/rest/plan-scripts/04cb5d8f-8a99-47f3-bdbb-8ed3d4234148","planScriptName":"RHEL-7.2-configure-users-2017-03-15","parameters":null,"serialNumber":"3"},{"planScriptUri":"/rest/plan-scripts/c2afb58c-34b6-4ac2-aa3b-10b781c895b2","planScriptName":"RHEL-7.2-configure-hostname-2017-08-21","parameters":null,"serialNumber":"4"},{"planScriptUri":"/rest/plan-scripts/58ab3aca-5083-4995-8237-9ec503d8db41","planScriptName":"RHEL-7.2-manage-security-services-2017-04-20","parameters":null,"serialNumber":"5"},{"planScriptUri":"/rest/plan-scripts/c734e917-ace2-4042-8a18-824d3e9cd6dc","planScriptName":"RHEL-7.2-configure-partition-using-LVM-2017-03-15","parameters":null,"serialNumber":"6"},{"planScriptUri":"/rest/plan-scripts/b30a1811-b610-4e0c-a421-cf2a5445969b","planScriptName":"RHEL-7.2-unmount-2017-03-15","parameters":null,"serialNumber":"7"}],"customAttributes":[{"constraints":"{}","description":"","name":"SSH","value":"Enabled","type":"string"},{"constraints":"{\"unit\":\"GiB\"}","description":"","name":"LogicalVolumeSize","value":"15","type":"number"},{"constraints":"{}","description":"","name":"FirstNicTeamName","value":"team0","type":"string"},{"constraints":"{}","description":"","name":"NewUsers","value":"","type":"string"},{"constraints":"{\"maxlen\":\"10\"}","description":"","name":"NewUsersPassword","value":"","type":"password"},{"constraints":"{}","description":"","name":"DiskName","value":"/dev/sda","type":"string"},{"constraints":"{\"unit\":\"GiB\"}","description":"","name":"FirstPartitionSize","value":"10","type":"number"},{"constraints":"{\"ipv4static\":true,\"ipv4dhcp\":false,\"ipv4disable\":false,\"parameters\":[\"mac\"]}","description":"","name":"Team1NIC2","value":"","type":"nic"},{"constraints":"{\"unit\":\"GiB\"}","description":"","name":"SecondPartitionSize","value":"10","type":"number"},{"constraints":"{}","description":"","name":"TotalNicTeamings","value":"1","type":"string"},{"constraints":"{\"ipv4static\":true,\"ipv4dhcp\":false,\"ipv4disable\":false,\"parameters\":[\"dns1\",\"dns2\",\"domain\",\"gateway\",\"ipaddress\",\"mac\",\"netmask\"]}","description":"","name":"Team1NIC1","value":"","type":"nic"},{"constraints":"{\"ipv4static\":true,\"ipv4dhcp\":false,\"ipv4disable\":false,\"parameters\":[\"mac\"]}","description":"","name":"Team0NIC2","value":"","type":"nic"},{"constraints":"{}","description":"","name":"SecondNicTeamName","value":"team1","type":"string"},{"constraints":"{\"ipv4static\":true,\"ipv4dhcp\":false,\"ipv4disable\":false,\"parameters\":[\"dns1\",\"dns2\",\"domain\",\"gateway\",\"ipaddress\",\"mac\",\"netmask\"]}","description":"","name":"Team0NIC1","value":"","type":"nic"},{"constraints":"{\"helpText\":\"\"}","description":"","name":"DomainName","value":"","type":"fqdn"},{"constraints":"{}","description":"","name":"LogicalVolumeName","value":"new_vol","type":"string"},{"constraints":"{\"maxlen\":\"10\"}","description":"","name":"NewRootPassword","value":"","type":"password"},{"constraints":"{}","description":"","name":"LogicalVolumeGroupName","value":"new_vol_group","type":"string"}],"category":null,"buildPlanid":"1ee297e3-3bd9-4881-98e4-699fbf99a3ab","oeBuildPlanType":"deploy","hpProvided":true,"eTag":null,"created":null,"modified":null,"description":"Personalizes RHEL 7.2 and configures NIC teaming (c) Copyright 2017 Hewlett Packard Enterprise Development LP Licensed under the Apache License, Version 2.0 (the \"License\");...","status":null,"uri":null,"name":"RHEL-7.2-personalize-and-NIC-teamings-LVM-BP-2017-08-21"}