{"type":"OeBuildPlan","dependentArtifacts":null,"buildStep":[{"planScriptUri":"/rest/plan-scripts/af45b086-2aac-4dec-bae0-d54693f90db9","planScriptName":"RHEL-7.2-mount-and-validate-2017-03-15","parameters":null,"serialNumber":"1"},{"planScriptUri":"/rest/plan-scripts/04cb5d8f-8a99-47f3-bdbb-8ed3d4234148","planScriptName":"RHEL-7.2-configure-users-2017-03-15","parameters":null,"serialNumber":"2"},{"planScriptUri":"/rest/plan-scripts/c4c6b397-2a75-4f22-8915-cb909ae7bf90","planScriptName":"RHEL-7.2-configure-multiple-NICs-2017-03-15","parameters":null,"serialNumber":"3"},{"planScriptUri":"/rest/plan-scripts/c2afb58c-34b6-4ac2-aa3b-10b781c895b2","planScriptName":"RHEL-7.2-configure-hostname-2017-08-21","parameters":null,"serialNumber":"4"},{"planScriptUri":"/rest/plan-scripts/58ab3aca-5083-4995-8237-9ec503d8db41","planScriptName":"RHEL-7.2-manage-security-services-2017-04-20","parameters":null,"serialNumber":"5"},{"planScriptUri":"/rest/plan-scripts/c734e917-ace2-4042-8a18-824d3e9cd6dc","planScriptName":"RHEL-7.2-configure-partition-using-LVM-2017-03-15","parameters":null,"serialNumber":"6"},{"planScriptUri":"/rest/plan-scripts/b30a1811-b610-4e0c-a421-cf2a5445969b","planScriptName":"RHEL-7.2-unmount-2017-03-15","parameters":null,"serialNumber":"7"}],"customAttributes":[{"constraints":"{}","description":"","name":"SSH","value":"Enabled","type":"string"},{"constraints":"{\"unit\":\"GiB\"}","description":"","name":"LogicalVolumeSize","value":"15","type":"number"},{"constraints":"{}","description":"","name":"NewUsers","value":"","type":"string"},{"constraints":"{\"maxlen\":\"10\"}","description":"","name":"NewUsersPassword","value":"","type":"password"},{"constraints":"{}","description":"","name":"TotalMgmtNICs","value":"1","type":"string"},{"constraints":"{}","description":"","name":"DiskName","value":"/dev/sda","type":"string"},{"constraints":"{\"unit\":\"GiB\"}","description":"","name":"FirstPartitionSize","value":"10","type":"number"},{"constraints":"{\"unit\":\"GiB\"}","description":"","name":"SecondPartitionSize","value":"10","type":"number"},{"constraints":"{}","description":"","name":"LogicalVolumeName","value":"new_vol","type":"string"},{"constraints":"{}","description":"","name":"DomainName","value":"","type":"string"},{"constraints":"{\"maxlen\":\"10\"}","description":"","name":"NewRootPassword","value":"","type":"password"},{"constraints":"{\"ipv4static\":true,\"ipv4dhcp\":true,\"ipv4disable\":true,\"parameters\":[\"dns1\",\"dns2\",\"domain\",\"gateway\",\"ipaddress\",\"mac\",\"netmask\"]}","description":"","name":"ManagementNIC3","value":null,"type":"nic"},{"constraints":"{\"ipv4static\":true,\"ipv4dhcp\":true,\"ipv4disable\":true,\"parameters\":[\"dns1\",\"dns2\",\"domain\",\"gateway\",\"ipaddress\",\"mac\",\"netmask\"]}","description":"","name":"ManagementNIC4","value":null,"type":"nic"},{"constraints":"{\"ipv4static\":true,\"ipv4dhcp\":true,\"ipv4disable\":true,\"parameters\":[\"dns1\",\"dns2\",\"domain\",\"gateway\",\"ipaddress\",\"mac\",\"netmask\"]}","description":"","name":"ManagementNIC1","value":null,"type":"nic"},{"constraints":"{}","description":"","name":"LogicalVolumeGroupName","value":"new_vol_group","type":"string"},{"constraints":"{\"ipv4static\":true,\"ipv4dhcp\":true,\"ipv4disable\":true,\"parameters\":[\"dns1\",\"dns2\",\"domain\",\"gateway\",\"ipaddress\",\"mac\",\"netmask\"]}","description":"","name":"ManagementNIC2","value":null,"type":"nic"}],"category":null,"buildPlanid":"37e923bc-b75f-4211-be10-9d487e0041e4","oeBuildPlanType":"deploy","hpProvided":true,"eTag":null,"created":null,"modified":null,"description":"Personalizes RHEL 7.2 and configures NICs\n(c) Copyright 2017 Hewlett Packard Enterprise Development LP\n\nLicensed under the Apache License, Version 2.0 (the \"License\");...","status":null,"uri":null,"name":"RHEL-7.2-personalize-and-configure-NICs-LVM-BP-2017-08-21"}