{"type":"PlanScript","dependentArtifacts":null,"hpProvided":true,"category":null,"customAttributes":null,"planType":"capture","eTag":null,"created":null,"modified":null,"description":"unmount RHEL partition","status":null,"uri":null,"name":"RHEL-7.2-unmount-generalize-2017-03-15","id":"ae1f7d6f-1db3-4bd8-9812-5802e3407626","state":null,"content":"# (c) Copyright 2017 Hewlett Packard Enterprise Development LP\n#\n# Licensed under the Apache License, Version 2.0 (the \"License\");\n# you may not use this file except in compliance with the License.\n# You may obtain a copy of the License at http://www.apache.org/licenses/LICENSE-2.0\n#\n# Unless required by applicable law or agreed to in writing, software distributed\n# under the License is distributed on an \"AS IS\" BASIS, WITHOUT WARRANTIES OR\n# CONDITIONS OF ANY KIND, either express or implied. See the License for the\n# specific language governing permissions and limitations under the License.\n\n#Remove the temporary directpory created\n#rm-rf /tmp/ImageStreamer\n\n#unmount the root partition\n\nunmount /"}