{"type":"OeBuildPlan","dependentArtifacts":null,"buildStep":[{"planScriptUri":"/rest/plan-scripts/7a4c3876-a5ef-4b4f-8d50-9a8970ad66a0","planScriptName":"RHEL-7.2-mount-generalize-2017-03-15","parameters":null,"serialNumber":"1"},{"planScriptUri":"/rest/plan-scripts/e70b91f0-190b-40c4-8ad7-5d0ed6c37ccb","planScriptName":"RHEL-7.2-generalize-host-2017-03-15","parameters":null,"serialNumber":"2"},{"planScriptUri":"/rest/plan-scripts/50927c9c-741a-4cd8-bd8f-c6712fdeda4e","planScriptName":"RHEL-7.2-generalize-users-2017-03-15","parameters":null,"serialNumber":"3"},{"planScriptUri":"/rest/plan-scripts/f819b6d3-5473-4021-ac41-118abb60a694","planScriptName":"RHEL-7.2-generalize-network-2017-06-02","parameters":null,"serialNumber":"4"},{"planScriptUri":"/rest/plan-scripts/ae1f7d6f-1db3-4bd8-9812-5802e3407626","planScriptName":"RHEL-7.2-unmount-generalize-2017-03-15","parameters":null,"serialNumber":"5"}],"customAttributes":[],"category":null,"buildPlanid":"f1b8136f-015e-4120-bba7-b8e94e295675","oeBuildPlanType":"capture","hpProvided":true,"eTag":null,"created":null,"modified":null,"description":"Remove personalization settings from RHEL 7.2 (c) Copyright 2017 Hewlett Packard Enterprise Development LP Licensed under the Apache License, Version 2.0 (the \"License\");...","status":null,"uri":null,"name":"RHEL-7.2-generalize-2017-06-02"}