{"type":"OeBuildPlan","dependentArtifacts":null,"buildStep":[{"planScriptUri":"/rest/plan-scripts/766f9e96-2465-4694-8119-a04507a9c6a0","planScriptName":"RHEL-7.3-mount-and-validate-2017-03-15","parameters":null,"serialNumber":"1"},{"planScriptUri":"/rest/plan-scripts/703196a6-17a0-488d-afa2-e08ad58b679b","planScriptName":"RHEL-7.3-configure-users-2017-03-15","parameters":null,"serialNumber":"2"},{"planScriptUri":"/rest/plan-scripts/adbe884e-1e49-47f2-a2da-a085e6e4bbcf","planScriptName":"RHEL-7.3-configure-multiple-NICs-2017-03-15","parameters":null,"serialNumber":"3"},{"planScriptUri":"/rest/plan-scripts/1fb84991-20f2-4835-ab8c-a66ad3930fe3","planScriptName":"RHEL-7.3-configure-hostname-2017-08-21","parameters":null,"serialNumber":"4"},{"planScriptUri":"/rest/plan-scripts/25c42e19-ff38-4afa-96de-b8fd6c2a3f11","planScriptName":"RHEL-7.3-manage-security-services-2017-04-20","parameters":null,"serialNumber":"5"},{"planScriptUri":"/rest/plan-scripts/9a3014de-ded4-477e-9e3b-e932cb6207c2","planScriptName":"RHEL-7.3-configure-partition-using-LVM-2017-03-15","parameters":null,"serialNumber":"6"},{"planScriptUri":"/rest/plan-scripts/d516f0fb-b4eb-4a44-80ea-813ab59f841f","planScriptName":"RHEL-7.3-unmount-2017-03-15","parameters":null,"serialNumber":"7"}],"customAttributes":[{"constraints":"{\"unit\":\"GiB\"}","description":"","name":"LogicalVolumeSize","value":"15","type":"number"},{"constraints":"{}","description":"","name":"SSH","value":"Enabled","type":"string"},{"constraints":"{}","description":"","name":"NewUsers","value":"","type":"string"},{"constraints":"{\"maxlen\":\"10\"}","description":"","name":"NewUsersPassword","value":"","type":"password"},{"constraints":"{}","description":"","name":"TotalMgmtNICs","value":"1","type":"string"},{"constraints":"{}","description":"","name":"DiskName","value":"/dev/sda","type":"string"},{"constraints":"{\"unit\":\"GiB\"}","description":"","name":"FirstPartitionSize","value":"10","type":"number"},{"constraints":"{\"unit\":\"GiB\"}","description":"","name":"SecondPartitionSize","value":"10","type":"number"},{"constraints":"{}","description":"","name":"LogicalVolumeName","value":"new_vol","type":"string"},{"constraints":"{}","description":"","name":"DomainName","value":"","type":"string"},{"constraints":"{\"ipv4static\":true,\"ipv4dhcp\":true,\"ipv4disable\":true,\"parameters\":[\"dns1\",\"dns2\",\"domain\",\"gateway\",\"ipaddress\",\"mac\",\"netmask\"]}","description":"","name":"ManagementNIC3","value":null,"type":"nic"},{"constraints":"{\"maxlen\":\"10\"}","description":"","name":"NewRootPassword","value":"","type":"password"},{"constraints":"{\"ipv4static\":true,\"ipv4dhcp\":true,\"ipv4disable\":true,\"parameters\":[\"dns1\",\"dns2\",\"domain\",\"gateway\",\"ipaddress\",\"mac\",\"netmask\"]}","description":"","name":"ManagementNIC4","value":null,"type":"nic"},{"constraints":"{\"ipv4static\":true,\"ipv4dhcp\":true,\"ipv4disable\":true,\"parameters\":[\"dns1\",\"dns2\",\"domain\",\"gateway\",\"ipaddress\",\"mac\",\"netmask\"]}","description":"","name":"ManagementNIC1","value":null,"type":"nic"},{"constraints":"{}","description":"","name":"LogicalVolumeGroupName","value":"new_vol_group","type":"string"},{"constraints":"{\"ipv4static\":true,\"ipv4dhcp\":true,\"ipv4disable\":true,\"parameters\":[\"dns1\",\"dns2\",\"domain\",\"gateway\",\"ipaddress\",\"mac\",\"netmask\"]}","description":"","name":"ManagementNIC2","value":null,"type":"nic"}],"category":null,"buildPlanid":"54c79624-3056-4944-9b11-9f5914d67ee1","oeBuildPlanType":"deploy","hpProvided":true,"eTag":null,"created":null,"modified":null,"description":"Personalize RHEL 7.3 and configure NICs.\n\n(c) Copyright 2017 Hewlett Packard Enterprise Development LP\n\nLicensed under the Apache License, Version 2.0 (the \"License\");...","status":null,"uri":null,"name":"RHEL-7.3-personalize-and-configure-NICs-LVM-BP-2017-08-21"}