{"type":"OeBuildPlan","dependentArtifacts":null,"buildStep":[{"planScriptUri":"/rest/plan-scripts/766f9e96-2465-4694-8119-a04507a9c6a0","planScriptName":"RHEL-7.3-mount-and-validate-2017-03-15","parameters":null,"serialNumber":"1"},{"planScriptUri":"/rest/plan-scripts/703196a6-17a0-488d-afa2-e08ad58b679b","planScriptName":"RHEL-7.3-configure-users-2017-03-15","parameters":null,"serialNumber":"2"},{"planScriptUri":"/rest/plan-scripts/062e71b3-0d70-4ff1-aae3-ab77b6954131","planScriptName":"RHEL-7.3-configure-multiple-NIC-teaming-2017-06-02","parameters":null,"serialNumber":"3"},{"planScriptUri":"/rest/plan-scripts/1fb84991-20f2-4835-ab8c-a66ad3930fe3","planScriptName":"RHEL-7.3-configure-hostname-2017-08-21","parameters":null,"serialNumber":"4"},{"planScriptUri":"/rest/plan-scripts/25c42e19-ff38-4afa-96de-b8fd6c2a3f11","planScriptName":"RHEL-7.3-manage-security-services-2017-04-20","parameters":null,"serialNumber":"5"},{"planScriptUri":"/rest/plan-scripts/9a3014de-ded4-477e-9e3b-e932cb6207c2","planScriptName":"RHEL-7.3-configure-partition-using-LVM-2017-03-15","parameters":null,"serialNumber":"6"},{"planScriptUri":"/rest/plan-scripts/d516f0fb-b4eb-4a44-80ea-813ab59f841f","planScriptName":"RHEL-7.3-unmount-2017-03-15","parameters":null,"serialNumber":"7"}],"customAttributes":[{"constraints":"{\"unit\":\"GiB\"}","description":"","name":"LogicalVolumeSize","value":"15","type":"number"},{"constraints":"{}","description":"","name":"SSH","value":"Enabled","type":"string"},{"constraints":"{}","description":"","name":"FirstNicTeamName","value":"team0","type":"string"},{"constraints":"{}","description":"","name":"NewUsers","value":"","type":"string"},{"constraints":"{\"maxlen\":\"10\"}","description":"","name":"NewUsersPassword","value":"","type":"password"},{"constraints":"{}","description":"","name":"DiskName","value":"/dev/sda","type":"string"},{"constraints":"{\"unit\":\"GiB\"}","description":"","name":"FirstPartitionSize","value":"10","type":"number"},{"constraints":"{\"ipv4static\":true,\"ipv4dhcp\":false,\"ipv4disable\":false,\"parameters\":[\"mac\"]}","description":"","name":"Team1NIC2","value":"","type":"nic"},{"constraints":"{\"unit\":\"GiB\"}","description":"","name":"SecondPartitionSize","value":"10","type":"number"},{"constraints":"{}","description":"","name":"TotalNicTeamings","value":"1","type":"string"},{"constraints":"{\"ipv4static\":true,\"ipv4dhcp\":false,\"ipv4disable\":false,\"parameters\":[\"dns1\",\"dns2\",\"domain\",\"gateway\",\"ipaddress\",\"mac\",\"netmask\"]}","description":"","name":"Team1NIC1","value":"","type":"nic"},{"constraints":"{\"ipv4static\":true,\"ipv4dhcp\":false,\"ipv4disable\":false,\"parameters\":[\"mac\"]}","description":"","name":"Team0NIC2","value":"","type":"nic"},{"constraints":"{}","description":"","name":"SecondNicTeamName","value":"team1","type":"string"},{"constraints":"{\"ipv4static\":true,\"ipv4dhcp\":false,\"ipv4disable\":false,\"parameters\":[\"dns1\",\"dns2\",\"domain\",\"gateway\",\"ipaddress\",\"mac\",\"netmask\"]}","description":"","name":"Team0NIC1","value":"","type":"nic"},{"constraints":"{}","description":"","name":"DomainName","value":"","type":"string"},{"constraints":"{}","description":"","name":"LogicalVolumeName","value":"new_vol","type":"string"},{"constraints":"{\"maxlen\":\"10\"}","description":"","name":"NewRootPassword","value":"","type":"password"},{"constraints":"{}","description":"","name":"LogicalVolumeGroupName","value":"new_vol_group","type":"string"}],"category":null,"buildPlanid":"7ef7f316-b3d4-4470-ae5b-9d1b154c4246","oeBuildPlanType":"deploy","hpProvided":true,"eTag":null,"created":null,"modified":null,"description":"Personalize RHEL 7.3 and configure NIC teamings.\n\n(c) Copyright 2017 Hewlett Packard Enterprise Development LP\n\nLicensed under the Apache License, Version 2.0 (the \"License\");...","status":null,"uri":null,"name":"RHEL-7.3-personalize-and-NIC-teamings-LVM-BP-2017-08-21"}