{"type":"OeBuildPlan","dependentArtifacts":null,"buildStep":[{"planScriptUri":"/rest/plan-scripts/18700681-a070-44e7-964f-e9d17f3d5537","planScriptName":"RHEL-7.3-mount-generalize-2017-03-15","parameters":null,"serialNumber":"1"},{"planScriptUri":"/rest/plan-scripts/6fe420d8-f102-4e62-99fc-81e6d14a95df","planScriptName":"RHEL-7.3-generalize-host-2017-03-15","parameters":null,"serialNumber":"2"},{"planScriptUri":"/rest/plan-scripts/ce476a6a-77a5-4d34-9bcb-dff49db48592","planScriptName":"RHEL-7.3-generalize-users-2017-03-15","parameters":null,"serialNumber":"3"},{"planScriptUri":"/rest/plan-scripts/1ae9d7f5-a82d-4bcd-976b-0f725953db3f","planScriptName":"RHEL-7.3-generalize-network-2017-06-01","parameters":null,"serialNumber":"4"},{"planScriptUri":"/rest/plan-scripts/ff7f8be4-2fc0-410a-8f02-f979dabc9522","planScriptName":"RHEL-7.3-unmount-generalize-2017-03-15","parameters":null,"serialNumber":"5"}],"customAttributes":[],"category":null,"buildPlanid":"d6c61ef6-b20d-4753-a4ed-a77deb9cea47","oeBuildPlanType":"capture","hpProvided":true,"eTag":null,"created":null,"modified":null,"description":"Remove personalization settings from RHEL 7.3.\n\n(c) Copyright 2017 Hewlett Packard Enterprise Development LP\n\nLicensed under the Apache License, Version 2.0 (the \"License\");...","status":null,"uri":null,"name":"RHEL-7.3-generalize-2017-06-01"}