{"type":"OeBuildPlan","dependentArtifacts":null,"customAttributes":[{"constraints":"{\"options\":[\"Enabled\",\"Disabled\"]}","description":"","name":"SSH","value":"Enabled","type":"option"},{"constraints":"{\"unit\":\"GiB\"}","description":"","name":"LogicalVolumeSize","value":"15","type":"number"},{"constraints":"{}","description":"","name":"FirstNicTeamName","value":"team0","type":"string"},{"constraints":"{}","description":"","name":"NewUsers","value":"","type":"string"},{"constraints":"{\"maxlen\":\"10\"}","description":"","name":"NewUsersPassword","value":"","type":"password"},{"constraints":"{}","description":"","name":"DiskName","value":"/dev/sda","type":"string"},{"constraints":"{\"unit\":\"GiB\"}","description":"","name":"FirstPartitionSize","value":"10","type":"number"},{"constraints":"{\"ipv4static\":false,\"ipv4dhcp\":true,\"ipv4disable\":true,\"parameters\":[\"mac\"]}","description":"","name":"Team1NIC2","value":null,"type":"nic"},{"constraints":"{\"unit\":\"GiB\"}","description":"","name":"SecondPartitionSize","value":"10","type":"number"},{"constraints":"{}","description":"","name":"TotalNicTeamings","value":"1","type":"string"},{"constraints":"{\"ipv4static\":true,\"ipv4dhcp\":true,\"ipv4disable\":true,\"parameters\":[\"dns1\",\"dns2\",\"domain\",\"gateway\",\"ipaddress\",\"mac\",\"netmask\"]}","description":"","name":"Team1NIC1","value":null,"type":"nic"},{"constraints":"{\"ipv4static\":false,\"ipv4dhcp\":true,\"ipv4disable\":true,\"parameters\":[\"mac\"]}","description":"","name":"Team0NIC2","value":null,"type":"nic"},{"constraints":"{}","description":"","name":"SecondNicTeamName","value":"team1","type":"string"},{"constraints":"{\"ipv4static\":true,\"ipv4dhcp\":true,\"ipv4disable\":true,\"parameters\":[\"dns1\",\"dns2\",\"domain\",\"gateway\",\"ipaddress\",\"mac\",\"netmask\"]}","description":"","name":"Team0NIC1","value":null,"type":"nic"},{"constraints":"{}","description":"","name":"LogicalVolumeName","value":"new_vol","type":"string"},{"constraints":"{\"helpText\":\"\"}","description":"","name":"DomainName","value":"","type":"fqdn"},{"constraints":"{\"maxlen\":\"10\"}","description":"","name":"NewRootPassword","value":"","type":"password"},{"constraints":"{}","description":"","name":"LogicalVolumeGroupName","value":"new_vol_group","type":"string"}],"buildStep":[{"planScriptName":"RHEL-7.2-mount-and-validate-2017-03-15","planScriptUri":"/rest/plan-scripts/4a8b398b-8b29-4a88-8468-1e8430bf9ab9","serialNumber":"1","parameters":null},{"planScriptName":"RHEL-7.2-configure-multiple-NIC-teaming-2017-03-15","planScriptUri":"/rest/plan-scripts/d0be60dd-523d-4d49-887e-36f7f4ab8957","serialNumber":"2","parameters":null},{"planScriptName":"RHEL-7.2-configure-users-2017-03-15","planScriptUri":"/rest/plan-scripts/420509d5-b38a-4d40-9ef5-6f6c686e4e66","serialNumber":"3","parameters":null},{"planScriptName":"RHEL-7.2-configure-hostname-2017-03-15","planScriptUri":"/rest/plan-scripts/cfe4089c-7f58-4917-b651-31ef4749b111","serialNumber":"4","parameters":null},{"planScriptName":"RHEL-7.2-manage-security-services-2017-03-15","planScriptUri":"/rest/plan-scripts/5f77a6a9-916d-437f-a409-8476f88b99e5","serialNumber":"5","parameters":null},{"planScriptName":"RHEL-7.2-configure-partition-using-LVM-2017-03-15","planScriptUri":"/rest/plan-scripts/3bf8f3af-55b0-4ff8-9c3b-4ebf02bee496","serialNumber":"6","parameters":null},{"planScriptName":"RHEL-7.2-unmount-2017-03-15","planScriptUri":"/rest/plan-scripts/847f16b6-d8a5-44af-bc40-2e401d25ec7d","serialNumber":"7","parameters":null}],"eTag":null,"created":null,"modified":null,"hpProvided":true,"buildPlanid":"0c117c40-9350-4dcb-ba7f-663fea394344","oeBuildPlanType":"deploy","description":"Personalizes RHEL 7.2 and configures NIC teaming","category":null,"uri":null,"status":null,"name":"RHEL-7.2-personalize-and-NIC-teamings-LVM-BP-2017-03-15"}