{"type":"OeBuildPlan","dependentArtifacts":null,"customAttributes":[{"constraints":"{\"options\":[\"Enabled\",\"Disabled\"]}","description":"","name":"SSH","value":"Enabled","type":"option"},{"constraints":"{\"unit\":\"GiB\"}","description":"","name":"LogicalVolumeSize","value":"15","type":"number"},{"constraints":"{}","description":"","name":"NewUsers","value":"","type":"string"},{"constraints":"{\"maxlen\":\"10\"}","description":"","name":"NewUsersPassword","value":"","type":"password"},{"constraints":"{}","description":"","name":"TotalMgmtNICs","value":"1","type":"string"},{"constraints":"{}","description":"","name":"DiskName","value":"/dev/sda","type":"string"},{"constraints":"{\"unit\":\"GiB\"}","description":"","name":"FirstPartitionSize","value":"10","type":"number"},{"constraints":"{\"unit\":\"GiB\"}","description":"","name":"SecondPartitionSize","value":"10","type":"number"},{"constraints":"{}","description":"","name":"LogicalVolumeName","value":"new_vol","type":"string"},{"constraints":"{\"helpText\":\"\"}","description":"","name":"DomainName","value":"","type":"fqdn"},{"constraints":"{\"maxlen\":\"10\"}","description":"","name":"NewRootPassword","value":"","type":"password"},{"constraints":"{\"ipv4static\":true,\"ipv4dhcp\":true,\"ipv4disable\":true,\"parameters\":[\"dns1\",\"dns2\",\"domain\",\"gateway\",\"ipaddress\",\"mac\",\"netmask\"]}","description":"","name":"ManagementNIC3","value":null,"type":"nic"},{"constraints":"{\"ipv4static\":true,\"ipv4dhcp\":true,\"ipv4disable\":true,\"parameters\":[\"dns1\",\"dns2\",\"domain\",\"gateway\",\"ipaddress\",\"mac\",\"netmask\"]}","description":"","name":"ManagementNIC4","value":null,"type":"nic"},{"constraints":"{\"ipv4static\":true,\"ipv4dhcp\":true,\"ipv4disable\":true,\"parameters\":[\"dns1\",\"dns2\",\"domain\",\"gateway\",\"ipaddress\",\"mac\",\"netmask\"]}","description":"","name":"ManagementNIC1","value":null,"type":"nic"},{"constraints":"{}","description":"","name":"LogicalVolumeGroupName","value":"new_vol_group","type":"string"},{"constraints":"{\"ipv4static\":true,\"ipv4dhcp\":true,\"ipv4disable\":true,\"parameters\":[\"dns1\",\"dns2\",\"domain\",\"gateway\",\"ipaddress\",\"mac\",\"netmask\"]}","description":"","name":"ManagementNIC2","value":null,"type":"nic"}],"buildStep":[{"planScriptName":"RHEL-7.2-mount-and-validate-2017-03-15","planScriptUri":"/rest/plan-scripts/4a8b398b-8b29-4a88-8468-1e8430bf9ab9","serialNumber":"1","parameters":null},{"planScriptName":"RHEL-7.2-configure-users-2017-03-15","planScriptUri":"/rest/plan-scripts/420509d5-b38a-4d40-9ef5-6f6c686e4e66","serialNumber":"2","parameters":null},{"planScriptName":"RHEL-7.2-configure-multiple-NICs-2017-03-15","planScriptUri":"/rest/plan-scripts/e3ccfaa2-dc50-4c94-9dad-7e0947455945","serialNumber":"3","parameters":null},{"planScriptName":"RHEL-7.2-configure-hostname-2017-03-15","planScriptUri":"/rest/plan-scripts/cfe4089c-7f58-4917-b651-31ef4749b111","serialNumber":"4","parameters":null},{"planScriptName":"RHEL-7.2-manage-security-services-2017-03-15","planScriptUri":"/rest/plan-scripts/5f77a6a9-916d-437f-a409-8476f88b99e5","serialNumber":"5","parameters":null},{"planScriptName":"RHEL-7.2-configure-partition-using-LVM-2017-03-15","planScriptUri":"/rest/plan-scripts/3bf8f3af-55b0-4ff8-9c3b-4ebf02bee496","serialNumber":"6","parameters":null},{"planScriptName":"RHEL-7.2-unmount-2017-03-15","planScriptUri":"/rest/plan-scripts/847f16b6-d8a5-44af-bc40-2e401d25ec7d","serialNumber":"7","parameters":null}],"eTag":null,"created":null,"modified":null,"hpProvided":true,"buildPlanid":"2cf374bd-834a-464e-bf5e-f80ad6f8fd13","oeBuildPlanType":"deploy","description":"Personalizes RHEL 7.2 and configures NICs","category":null,"uri":null,"status":null,"name":"RHEL-7.2-personalize-and-configure-NICs-LVM-BP-2017-03-15"}