{"type":"OeBuildPlan","dependentArtifacts":null,"customAttributes":[],"buildStep":[{"planScriptName":"RHEL-7.2-mount-generalize-2017-03-15","planScriptUri":"/rest/plan-scripts/51e4b702-2e68-47a7-a362-e872b6f54db3","serialNumber":"1","parameters":null},{"planScriptName":"RHEL-7.2-generalize-host-2017-03-15","planScriptUri":"/rest/plan-scripts/436d753d-97b7-4ca8-b8a2-77ee2a415109","serialNumber":"2","parameters":null},{"planScriptName":"RHEL-7.2-generalize-users-2017-03-15","planScriptUri":"/rest/plan-scripts/3bd9509b-c572-4efd-8371-bb3acb42e287","serialNumber":"3","parameters":null},{"planScriptName":"RHEL-7.2-generalize-network-2017-03-15","planScriptUri":"/rest/plan-scripts/7027269f-6e0f-4c08-bdd5-ab90fff94ea5","serialNumber":"4","parameters":null},{"planScriptName":"RHEL-7.2-unmount-generalize-2017-03-15","planScriptUri":"/rest/plan-scripts/530b05d4-b21c-4124-91f5-3de9a44e2b33","serialNumber":"5","parameters":null}],"eTag":null,"created":null,"modified":null,"hpProvided":true,"buildPlanid":"bad4c5a7-3c6c-4be1-90eb-edebebf22591","oeBuildPlanType":"capture","description":"Remove personalization settings from RHEL 7.2","category":null,"uri":null,"status":null,"name":"RHEL-7.2-generalize-2017-03-15"}