{"type":"PlanScript","dependentArtifacts":null,"hpProvided":true,"eTag":null,"created":null,"modified":null,"customAttributes":null,"planType":"deploy","category":null,"description":"Configure entire local disk as swap device","status":null,"uri":null,"name":"RHEL-7.2-configure-swap-2017-06-02","id":"17cdf37d-dfaa-4484-99a5-fb3f3bc9f050","state":null,"content":"# (c) Copyright 2017 Hewlett Packard Enterprise Development LP\n#\n# Licensed under the Apache License, Version 2.0 (the \"License\");\n# you may not use this file except in compliance with the License.\n# You may obtain a copy of the License at http://www.apache.org/licenses/LICENSE-2.0\n#\n# Unless required by applicable law or agreed to in writing, software distributed\n# under the License is distributed on an \"AS IS\" BASIS, WITHOUT WARRANTIES OR\n# CONDITIONS OF ANY KIND, either express or implied. See the License for the\n# specific language governing permissions and limitations under the License.\n\n\nupload -<<END /tmp/configure_swap\n#! /bin/bash\n#\n# identify local disk and add it as a swap device\n#\n# ASSUMPTION: \n# There is only one local disk and entire disk is used as swap device.\n# The first local disk is selected. \n#  NOTE: This script has not been tested with BigBird storage blade connected to compute module\n\n# list disks for logging purposes\nls -ltr /dev/disk/by-path > /tmp/configure_swap.log\n\n# identify and choose a local disk. The first disk listed is selected. \n# Not tested with a bigbird storage blade\nlocaldisk=$(ls -1 /dev/disk/by-path/pci-*scsi-0:[0-9]:0:0 | head -n 1)\n\necho \"localdisk selected is $localdisk\" >> /tmp/configure_swap.log\n\nif [ -n \"$localdisk\" ]; then\n\n   #format it as swap\n   mkswap $localdisk\n   echo \"mkswap $?\" >> /tmp/configure_swap.log\n\n   #turnoff existing swap if any\n   swapoff -a\n   echo \"swapoff $?\" >> /tmp/configure_swap.log\n\n   #set localdisk as swap\n   swapon $localdisk\n   echo \"swapon $?\" >> /tmp/configure_swap.log\n\n   #verify that swap is enabled with localdisk\n   swapon -s >> /tmp/configure_swap.log\n   free -k >> /tmp/configure_swap.log\nfi\n\nunlink $0\nEND\n\n!echo \"sh /tmp/configure_swap\" >> rc.local"}