{"type":"PlanScript","dependentArtifacts":null,"hpProvided":true,"eTag":null,"created":null,"modified":null,"customAttributes":null,"planType":"capture","category":null,"description":"mount RHEL partition for generalization","status":null,"uri":null,"name":"RHEL-7.2-mount-generalize-2017-03-15","id":"1ae20a6b-4e43-4d1f-a11f-fd553017b2de","state":null,"content":"# (c) Copyright 2017 Hewlett Packard Enterprise Development LP\n#\n# Licensed under the Apache License, Version 2.0 (the \"License\");\n# you may not use this file except in compliance with the License.\n# You may obtain a copy of the License at http://www.apache.org/licenses/LICENSE-2.0\n#\n# Unless required by applicable law or agreed to in writing, software distributed\n# under the License is distributed on an \"AS IS\" BASIS, WITHOUT WARRANTIES OR\n# CONDITIONS OF ANY KIND, either express or implied. See the License for the\n# specific language governing permissions and limitations under the License.\n\n# List the Volume Group and lvols:\nvgs\nlvs\nlist-filesystems\n\n# Mount the root partition (Assume that the partition type is Standard)\n-mount /dev/sda3 /\n\n# Mount the root partition (Assume that the partition type is LVM type)\n-mount /dev/rhel/root /\n\n#Create temporary directory\nmkdir-p /tmp/ImageStreamer\n\n#Validate the Image\ndownload /etc/os-release ./os-release\nupload -<<END /tmp/ImageStreamer/validate_image\n#! /bin/bash\nfile=\"./os-release\"\nexp_os='\"Red Hat Enterprise Linux Server\"'\nexp_ver='\"7.2\"'\nif [ -f $file ]\n then\n\tos_name=`cat $file | grep -w \"NAME\" | awk -F'[=]' '{print $2}'`\n\tversion_id=`cat $file | grep \"VERSION_ID\" | awk -F'[=]' '{print $2}'`\n\n\tif [[ $os_name == $exp_os ]]\n\tthen\n\t\t#Validate version \n\t\tif [ $version_id == $exp_ver ]\n\t\tthen\n\t\t\techo \"##########################\"\n\t\t\techo \"Image validation successfully completed!!!\"\n\t\t\techo \"Detected OS: $os_name $version_id\"\n\t\t\techo \"Operating system is matching with the expected Operating System\"\n\t\t\techo \"##########################\"\n\t\telse\n\t\t\techo \"##########################\"\n\t\t\techo \"Image validation failed : Operating system is NOT matching with the expected Operating System\"\n\t\t\techo \"Please ensure that the golden image of Red Hat Enterprise Linux Server 7.2\"\n\t\t\techo \"##########################\"\n\t\t\texit 1\n\t\tfi\n\tfi\nelse\n\techo \"##########################\"\n\techo \"Image validation failed : Operating system is NOT matching with the expected Operating System\"\n\techo \"Please ensure that the golden image of Red Hat Enterprise Linux Server 7.2\"\n\techo \"##########################\"\n\texit 1\nfi\nEND\ndownload /tmp/ImageStreamer/validate_image ./validate_image\n!source ./validate_image"}