{"type":"OeBuildPlan","dependentArtifacts":null,"customAttributes":[],"buildStep":[{"planScriptUri":"/rest/plan-scripts/1ae20a6b-4e43-4d1f-a11f-fd553017b2de","planScriptName":"RHEL-7.2-mount-generalize-2017-03-15","parameters":null,"serialNumber":"1"},{"planScriptUri":"/rest/plan-scripts/88b2217e-baca-413c-a8f0-88b6bd617fc8","planScriptName":"RHEL-7.2-generalize-host-2017-03-15","parameters":null,"serialNumber":"2"},{"planScriptUri":"/rest/plan-scripts/ab2de93a-c000-4f25-9657-f1c746775399","planScriptName":"RHEL-7.2-generalize-users-2017-03-15","parameters":null,"serialNumber":"3"},{"planScriptUri":"/rest/plan-scripts/46408664-56e1-4477-924e-d25c7337f27e","planScriptName":"RHEL-7.2-generalize-network-2017-06-02","parameters":null,"serialNumber":"4"},{"planScriptUri":"/rest/plan-scripts/551a6565-e15e-428c-ba63-bcd21c687d14","planScriptName":"RHEL-7.2-unmount-generalize-2017-03-15","parameters":null,"serialNumber":"5"}],"eTag":null,"created":null,"modified":null,"etag":null,"hpProvided":true,"oeBuildPlanType":"capture","buildPlanid":"29e434fd-9485-4338-a103-0528278a239e","category":null,"description":"Remove personalization settings from RHEL 7.2 (c) Copyright 2017 Hewlett Packard Enterprise Development LP Licensed under the Apache License, Version 2.0 (the \"License\");...","status":null,"uri":null,"name":"RHEL-7.2-generalize-2017-06-02"}