{"type":"PlanScript","dependentArtifacts":null,"hpProvided":true,"eTag":null,"created":null,"modified":null,"customAttributes":null,"planType":"capture","category":null,"description":"remove user accounts","status":null,"uri":null,"name":"RHEL-7.2-generalize-users-2017-03-15","id":"ab2de93a-c000-4f25-9657-f1c746775399","state":null,"content":"# (c) Copyright 2017 Hewlett Packard Enterprise Development LP\n#\n# Licensed under the Apache License, Version 2.0 (the \"License\");\n# you may not use this file except in compliance with the License.\n# You may obtain a copy of the License at http://www.apache.org/licenses/LICENSE-2.0\n#\n# Unless required by applicable law or agreed to in writing, software distributed\n# under the License is distributed on an \"AS IS\" BASIS, WITHOUT WARRANTIES OR\n# CONDITIONS OF ANY KIND, either express or implied. See the License for the\n# specific language governing permissions and limitations under the License.\n\n#This script generalizes the users\n#Download user configuration files\ndownload /etc/passwd ./passwd\ndownload /etc/group ./group\n\nupload -<<END /tmp/ImageStreamer/generalize_users\n#! /bin/bash\nusers=`awk '$0 == \"#Following users have been added from Image Streamer\" {i=1;next};i && i++ <= i' ./passwd | cut -d: -f1`\nfor user in $users\ndo\n\trm -rf /home/$user\ndone\nsed -ie \"/#Following/,$ d\" ./passwd\nsed -ie \"/#Following/,$ d\" ./group\nexit 0\nEND\n\ndownload /tmp/ImageStreamer/generalize_users ./generalize_users\n!source ./generalize_users\n\nupload ./passwd /etc/passwd\nupload ./group /etc/group"}