{"type":"OeBuildPlan","dependentArtifacts":null,"customAttributes":[{"constraints":"{}","description":"","name":"SSH","value":"Enabled","type":"string"},{"constraints":"{\"unit\":\"GiB\"}","description":"","name":"LogicalVolumeSize","value":"15","type":"number"},{"constraints":"{}","description":"","name":"NewUsers","value":"","type":"string"},{"constraints":"{\"maxlen\":\"10\"}","description":"","name":"NewUsersPassword","value":"","type":"password"},{"constraints":"{}","description":"","name":"TotalMgmtNICs","value":"1","type":"string"},{"constraints":"{}","description":"","name":"DiskName","value":"/dev/sda","type":"string"},{"constraints":"{\"unit\":\"GiB\"}","description":"","name":"FirstPartitionSize","value":"10","type":"number"},{"constraints":"{\"unit\":\"GiB\"}","description":"","name":"SecondPartitionSize","value":"10","type":"number"},{"constraints":"{}","description":"","name":"LogicalVolumeName","value":"new_vol","type":"string"},{"constraints":"{\"helpText\":\"\"}","description":"","name":"DomainName","value":"","type":"fqdn"},{"constraints":"{\"maxlen\":\"10\"}","description":"","name":"NewRootPassword","value":"","type":"password"},{"constraints":"{\"ipv4static\":true,\"ipv4dhcp\":true,\"ipv4disable\":true,\"parameters\":[\"dns1\",\"dns2\",\"domain\",\"gateway\",\"ipaddress\",\"mac\",\"netmask\"]}","description":"","name":"ManagementNIC3","value":null,"type":"nic"},{"constraints":"{\"ipv4static\":true,\"ipv4dhcp\":true,\"ipv4disable\":true,\"parameters\":[\"dns1\",\"dns2\",\"domain\",\"gateway\",\"ipaddress\",\"mac\",\"netmask\"]}","description":"","name":"ManagementNIC4","value":null,"type":"nic"},{"constraints":"{\"ipv4static\":true,\"ipv4dhcp\":true,\"ipv4disable\":true,\"parameters\":[\"dns1\",\"dns2\",\"domain\",\"gateway\",\"ipaddress\",\"mac\",\"netmask\"]}","description":"","name":"ManagementNIC1","value":null,"type":"nic"},{"constraints":"{}","description":"","name":"LogicalVolumeGroupName","value":"new_vol_group","type":"string"},{"constraints":"{\"ipv4static\":true,\"ipv4dhcp\":true,\"ipv4disable\":true,\"parameters\":[\"dns1\",\"dns2\",\"domain\",\"gateway\",\"ipaddress\",\"mac\",\"netmask\"]}","description":"","name":"ManagementNIC2","value":null,"type":"nic"}],"buildStep":[{"planScriptUri":"/rest/plan-scripts/be2342db-e527-4776-9f02-98c64ed61edb","planScriptName":"RHEL-7.2-mount-and-validate-2017-03-15","parameters":null,"serialNumber":"1"},{"planScriptUri":"/rest/plan-scripts/1f59698c-fa48-40a3-887c-e07f2f9d806d","planScriptName":"RHEL-7.2-configure-users-2017-03-15","parameters":null,"serialNumber":"2"},{"planScriptUri":"/rest/plan-scripts/44c5340b-633c-4361-b8ab-e2dc3e4b4dc1","planScriptName":"RHEL-7.2-configure-multiple-NICs-2017-03-15","parameters":null,"serialNumber":"3"},{"planScriptUri":"/rest/plan-scripts/defad161-70ae-42c0-9dab-d6ca9d5a9259","planScriptName":"RHEL-7.2-configure-hostname-2017-03-15","parameters":null,"serialNumber":"4"},{"planScriptUri":"/rest/plan-scripts/1ab27051-51eb-4a4e-9249-644a6993f2ae","planScriptName":"RHEL-7.2-manage-security-services-2017-04-20","parameters":null,"serialNumber":"5"},{"planScriptUri":"/rest/plan-scripts/87d7bb67-8f27-46cd-bff8-02f731da9617","planScriptName":"RHEL-7.2-configure-partition-using-LVM-2017-03-15","parameters":null,"serialNumber":"6"},{"planScriptUri":"/rest/plan-scripts/fded07b5-5f39-4f58-8394-5fe49def153c","planScriptName":"RHEL-7.2-unmount-2017-03-15","parameters":null,"serialNumber":"7"}],"eTag":null,"created":null,"modified":null,"etag":null,"hpProvided":true,"oeBuildPlanType":"deploy","buildPlanid":"c012d2b1-7c87-489d-8da5-592bb83fb9ea","category":null,"description":"Personalizes RHEL 7.2 and configures NICs\n(c) Copyright 2017 Hewlett Packard Enterprise Development LP\n\nLicensed under the Apache License, Version 2.0 (the \"License\");...","status":null,"uri":null,"name":"RHEL-7.2-personalize-and-configure-NICs-LVM-BP-2017-04-20"}