{"type":"OeBuildPlan","uri":null,"category":null,"eTag":null,"created":null,"modified":null,"buildPlanid":"451702ba-71a2-4b6b-b9d7-9bd63ecb069d","name":"RHEL-generalize-2018-02-09","description":"Remove personalization settings from RHEL 7.X (c) Copyright 2017 Hewlett Packard Enterprise Development LP Licensed under the Apache License, Version 2.0 (the \"License\");...","status":null,"hpProvided":true,"oeBuildPlanType":"capture","buildStep":[{"planScriptUri":"/rest/plan-scripts/259a86f5-5571-4103-bf60-5a248e757a31","serialNumber":"1","parameters":null,"planScriptName":"RHEL-mount-generalize-2017-12-12"},{"planScriptUri":"/rest/plan-scripts/79181c52-12ed-4d48-b3af-4923c60db3dc","serialNumber":"2","parameters":null,"planScriptName":"RHEL-generalize-host-2017-12-12"},{"planScriptUri":"/rest/plan-scripts/cbbe0fc3-3298-4be8-afd0-8d41574099aa","serialNumber":"3","parameters":null,"planScriptName":"RHEL-generalize-users-2018-02-09"},{"planScriptUri":"/rest/plan-scripts/08aa0cf9-f138-442c-a297-f1803dde37fa","serialNumber":"4","parameters":null,"planScriptName":"RHEL-generalize-network-2017-12-12"},{"planScriptUri":"/rest/plan-scripts/7fa49ead-afe5-4694-b12c-b0ef74c887fc","serialNumber":"5","parameters":null,"planScriptName":"RHEL-unmount-generalize-2017-12-12"}],"customAttributes":[],"dependentArtifacts":null}