{"type":"OeBuildPlan","uri":null,"category":null,"eTag":null,"created":null,"modified":null,"buildPlanid":"edafbeee-3e5b-481f-91e4-073153ebe38a","name":"RHEL-personalize-and-NIC-teamings-LVM-BP-2018-05-10","description":"Personalizes RHEL 7.X and configures NIC teaming (c) Copyright 2017 Hewlett Packard Enterprise Development LP Licensed under the Apache License, Version 2.0 (the \"License\");...","status":null,"hpProvided":true,"oeBuildPlanType":"deploy","buildStep":[{"planScriptUri":"/rest/plan-scripts/1606c595-b924-4a43-9a8d-782c7ab904da","serialNumber":"1","parameters":null,"planScriptName":"RHEL-mount-and-validate-2017-12-12"},{"planScriptUri":"/rest/plan-scripts/6b3e1b6e-cfd2-4dd7-a5ff-ad30e05cb6aa","serialNumber":"2","parameters":null,"planScriptName":"RHEL-configure-users-2018-02-09"},{"planScriptUri":"/rest/plan-scripts/4c666e0f-b1fb-4e1d-84fb-aba13e8e5cc3","serialNumber":"3","parameters":null,"planScriptName":"RHEL-configure-deployment-NIC-teaming-2017-12-12"},{"planScriptUri":"/rest/plan-scripts/086fa218-474a-4298-a2d3-c6197851f4bf","serialNumber":"4","parameters":null,"planScriptName":"RHEL-configure-management-NIC-teaming-2018-02-09"},{"planScriptUri":"/rest/plan-scripts/64067bf2-9aaf-4dee-814d-08e8e23e3e95","serialNumber":"5","parameters":null,"planScriptName":"RHEL-configure-hostname-2017-12-12"},{"planScriptUri":"/rest/plan-scripts/8aa428f6-51d7-474d-826d-558e59b2910a","serialNumber":"6","parameters":null,"planScriptName":"RHEL-manage-security-services-2017-12-12"},{"planScriptUri":"/rest/plan-scripts/42638a8e-5ca0-459f-891f-bad33f9d7a01","serialNumber":"7","parameters":null,"planScriptName":"RHEL-configure-partition-using-LVM-2017-12-12"},{"planScriptUri":"/rest/plan-scripts/18956bda-189e-48d4-9135-c17747df5894","serialNumber":"8","parameters":null,"planScriptName":"RHEL-unmount-2017-12-12"}],"customAttributes":[{"name":"Team1NIC2","description":"The mac sub-attribute is a mandatory field in NIC type custom attributes.","value":null,"constraints":"{\"ipv4static\":true,\"ipv4dhcp\":true,\"ipv4disable\":true,\"parameters\":[\"mac\",\"vlanid\"]}","type":"nic"},{"name":"Team1NIC1","description":"The mac sub-attribute is a mandatory field in NIC type custom attributes.","value":null,"constraints":"{\"ipv4static\":true,\"ipv4dhcp\":true,\"ipv4disable\":true,\"parameters\":[\"dns1\",\"dns2\",\"domain\",\"gateway\",\"ipaddress\",\"mac\",\"netmask\",\"vlanid\"]}","type":"nic"},{"name":"DomainName","description":"","value":"","constraints":"{}","type":"string"},{"name":"FirstPartitionSize","description":"The size for the first partition on the disk","value":"10","constraints":"{}","type":"number"},{"name":"SSH","description":"SSH service to enable clients to connect via SSH protocol","value":"Enabled","constraints":"{\"options\":[\"Enabled\",\"Disabled\"]}","type":"option"},{"name":"LogicalVolumeName","description":"A volume name to the logical volume created","value":"new_vol","constraints":"{\"regex\":\"\",\"helpText\":\"\"}","type":"string"},{"name":"DiskName","description":"The disk partition prefix for e.g. \"/dev/sda\" to be able to create partitions on the volume","value":"/dev/sda","constraints":"{\"regex\":\"\",\"helpText\":\"\"}","type":"string"},{"name":"Team0NIC1","description":"The mac sub-attribute is a mandatory field in NIC type custom attributes.","value":null,"constraints":"{\"ipv4static\":true,\"ipv4dhcp\":true,\"ipv4disable\":false,\"parameters\":[\"dns1\",\"dns2\",\"domain\",\"gateway\",\"ipaddress\",\"mac\",\"netmask\",\"vlanid\"]}","type":"nic"},{"name":"NewRootPassword","description":"A new password for the root user.","value":"","constraints":"{\"maxlen\":\"10\"}","type":"password"},{"name":"Team0NIC2","description":"The mac sub-attribute is a mandatory field in NIC type custom attributes.","value":null,"constraints":"{\"ipv4static\":true,\"ipv4dhcp\":true,\"ipv4disable\":false,\"parameters\":[\"mac\",\"vlanid\"]}","type":"nic"},{"name":"LogicalVolumeSize","description":"A size for the logical volume","value":"15","constraints":"{}","type":"number"},{"name":"NewUserPassword","description":"Password for the new user to be created on the server.","value":"","constraints":"{\"maxlen\":\"10\"}","type":"password"},{"name":"LogicalVolumeGroupName","description":"A group name to the logical volume created","value":"new_vol_group","constraints":"{\"regex\":\"\",\"helpText\":\"\"}","type":"string"},{"name":"NICTeam0Name","description":"","value":"team0","constraints":"{}","type":"string"},{"name":"NICTeam1Name","description":"","value":"team1","constraints":"{}","type":"string"},{"name":"SecondPartitionSize","description":"A partition size for the second partition created on the volume","value":"10","constraints":"{}","type":"number"},{"name":"TotalNICTeamings","description":"","value":"1","constraints":"{}","type":"string"},{"name":"HostName","description":"Hostname for RHEL host. The hostname value can be defined manually or by using the tokens. This value must conform to valid hostname requirement defined by Internet standards.","value":"","constraints":"{\"helpText\":\"\"}","type":"hostname"},{"name":"NewUser","description":"New user to be created on the server.","value":"","constraints":"{\"regex\":\"\",\"helpText\":\"\"}","type":"string"}],"dependentArtifacts":null}