{"type":"OeBuildPlan","uri":null,"category":null,"eTag":null,"created":null,"modified":null,"buildPlanid":"17c060c9-a190-4b1a-9236-ff06b7297a03","name":"RHEL-personalize-and-NIC-teamings-LVM-BP-2018-06-27","description":"Personalizes RHEL 7.X and configures NIC teaming (c) Copyright 2017 Hewlett Packard Enterprise Development LP Licensed under the Apache License, Version 2.0 (the \"License\");...","status":null,"hpProvided":true,"oeBuildPlanType":"deploy","buildStep":[{"planScriptUri":"/rest/plan-scripts/25985015-8f19-4c24-b587-3044442d0ef1","serialNumber":"1","parameters":null,"planScriptName":"RHEL-mount-and-validate-2017-12-12"},{"planScriptUri":"/rest/plan-scripts/e16e84a4-5911-4581-afa8-e4310e583c88","serialNumber":"2","parameters":null,"planScriptName":"RHEL-configure-users-2018-06-27"},{"planScriptUri":"/rest/plan-scripts/81c72a74-5f95-4648-896e-56c8b46f6887","serialNumber":"3","parameters":null,"planScriptName":"RHEL-configure-deployment-NIC-teaming-2017-12-12"},{"planScriptUri":"/rest/plan-scripts/f092e7a6-17aa-4009-b913-69a216b18fe6","serialNumber":"4","parameters":null,"planScriptName":"RHEL-configure-management-NIC-teaming-2018-02-09"},{"planScriptUri":"/rest/plan-scripts/1ed81eb7-5190-418b-b6e5-b3258605401b","serialNumber":"5","parameters":null,"planScriptName":"RHEL-configure-hostname-2017-12-12"},{"planScriptUri":"/rest/plan-scripts/16769622-aaae-4125-b31d-254982f926b6","serialNumber":"6","parameters":null,"planScriptName":"RHEL-manage-security-services-2017-12-12"},{"planScriptUri":"/rest/plan-scripts/936eb0b9-ffb5-4783-bbcf-3822883461b1","serialNumber":"7","parameters":null,"planScriptName":"RHEL-configure-partition-using-LVM-2017-12-12"},{"planScriptUri":"/rest/plan-scripts/96667106-3411-42af-b624-d1a7d28e0ff4","serialNumber":"8","parameters":null,"planScriptName":"RHEL-unmount-2017-12-12"}],"customAttributes":[{"name":"Team1NIC2","description":"The mac sub-attribute is a mandatory field in NIC type custom attributes.","value":null,"constraints":"{\"ipv4static\":true,\"ipv4dhcp\":true,\"ipv4disable\":true,\"parameters\":[\"mac\",\"vlanid\"]}","type":"nic"},{"name":"Team1NIC1","description":"The mac sub-attribute is a mandatory field in NIC type custom attributes.","value":null,"constraints":"{\"ipv4static\":true,\"ipv4dhcp\":true,\"ipv4disable\":true,\"parameters\":[\"dns1\",\"dns2\",\"domain\",\"gateway\",\"ipaddress\",\"mac\",\"netmask\",\"vlanid\"]}","type":"nic"},{"name":"DomainName","description":"","value":"","constraints":"{}","type":"string"},{"name":"FirstPartitionSize","description":"The size for the first partition on the disk","value":"10","constraints":"{}","type":"number"},{"name":"SSH","description":"SSH service to enable clients to connect via SSH protocol","value":"Enabled","constraints":"{\"options\":[\"Enabled\",\"Disabled\"]}","type":"option"},{"name":"LogicalVolumeName","description":"A volume name to the logical volume created","value":"new_vol","constraints":"{\"regex\":\"\",\"helpText\":\"\"}","type":"string"},{"name":"DiskName","description":"The disk partition prefix for e.g. \"/dev/sda\" to be able to create partitions on the volume","value":"/dev/sda","constraints":"{\"regex\":\"\",\"helpText\":\"\"}","type":"string"},{"name":"Team0NIC1","description":"The mac sub-attribute is a mandatory field in NIC type custom attributes.","value":null,"constraints":"{\"ipv4static\":true,\"ipv4dhcp\":true,\"ipv4disable\":false,\"parameters\":[\"dns1\",\"dns2\",\"domain\",\"gateway\",\"ipaddress\",\"mac\",\"netmask\",\"vlanid\"]}","type":"nic"},{"name":"NewRootPassword","description":"","value":"","constraints":"{}","type":"string"},{"name":"Team0NIC2","description":"The mac sub-attribute is a mandatory field in NIC type custom attributes.","value":null,"constraints":"{\"ipv4static\":true,\"ipv4dhcp\":true,\"ipv4disable\":false,\"parameters\":[\"mac\",\"vlanid\"]}","type":"nic"},{"name":"LogicalVolumeSize","description":"A size for the logical volume","value":"15","constraints":"{}","type":"number"},{"name":"NewUserPassword","description":"","value":"","constraints":"{}","type":"string"},{"name":"LogicalVolumeGroupName","description":"A group name to the logical volume created","value":"new_vol_group","constraints":"{\"regex\":\"\",\"helpText\":\"\"}","type":"string"},{"name":"NICTeam0Name","description":"","value":"team0","constraints":"{}","type":"string"},{"name":"NICTeam1Name","description":"","value":"team1","constraints":"{}","type":"string"},{"name":"SecondPartitionSize","description":"A partition size for the second partition created on the volume","value":"10","constraints":"{}","type":"number"},{"name":"TotalNICTeamings","description":"","value":"1","constraints":"{}","type":"string"},{"name":"HostName","description":"Hostname for RHEL host. The hostname value can be defined manually or by using the tokens. This value must conform to valid hostname requirement defined by Internet standards.","value":"","constraints":"{\"helpText\":\"\"}","type":"hostname"},{"name":"NewUser","description":"","value":"","constraints":"{}","type":"string"}],"dependentArtifacts":null}