{"type":"OeBuildPlan","uri":null,"category":null,"eTag":null,"created":null,"modified":null,"buildPlanid":"1bf6b6f7-b30f-4be6-abcb-331a7a05c61e","name":"RHEL-generalize-2018-06-27","description":"Remove personalization settings from RHEL 7.X (c) Copyright 2017 Hewlett Packard Enterprise Development LP Licensed under the Apache License, Version 2.0 (the \"License\");...","status":null,"hpProvided":true,"oeBuildPlanType":"capture","buildStep":[{"planScriptUri":"/rest/plan-scripts/12a427c2-3571-4d20-9b65-274841e57244","serialNumber":"1","parameters":null,"planScriptName":"RHEL-mount-generalize-2017-12-12"},{"planScriptUri":"/rest/plan-scripts/796109d7-15e2-4e62-80f0-4819ff9eeb06","serialNumber":"2","parameters":null,"planScriptName":"RHEL-generalize-host-2017-12-12"},{"planScriptUri":"/rest/plan-scripts/21687863-bc4b-4bf0-9b19-f62551537727","serialNumber":"3","parameters":null,"planScriptName":"RHEL-generalize-users-2018-06-27"},{"planScriptUri":"/rest/plan-scripts/f21915aa-4d41-4272-bcd4-5b7169474657","serialNumber":"4","parameters":null,"planScriptName":"RHEL-generalize-network-2017-12-12"},{"planScriptUri":"/rest/plan-scripts/b55efd80-82f8-4c48-b093-5dabeed19211","serialNumber":"5","parameters":null,"planScriptName":"RHEL-unmount-generalize-2017-12-12"}],"customAttributes":[],"dependentArtifacts":null}