{"type":"PlanScript","uri":null,"category":null,"eTag":null,"created":null,"modified":null,"id":"25985015-8f19-4c24-b587-3044442d0ef1","name":"RHEL-mount-and-validate-2017-12-12","description":"mount the root partition of the server and validate image against invalid image captures","status":null,"state":null,"planType":"general","content":"# (c) Copyright 2017 Hewlett Packard Enterprise Development LP\n#\n# Licensed under the Apache License, Version 2.0 (the \"License\");\n# you may not use this file except in compliance with the License.\n# You may obtain a copy of the License at http://www.apache.org/licenses/LICENSE-2.0\n#\n# Unless required by applicable law or agreed to in writing, software distributed\n# under the License is distributed on an \"AS IS\" BASIS, WITHOUT WARRANTIES OR\n# CONDITIONS OF ANY KIND, either express or implied. See the License for the\n# specific language governing permissions and limitations under the License.\n\n# List the Volume Group and lvols:\nvgs\nlvs\nlist-filesystems\n\n\n# Mount the root partition (Assume that the partition type is LVM type)\n-mount /dev/rhel/root /\n# Mount the root partition (Assume that the partition type is Standard)\n-mount /dev/sda3 /\n\n\n#Create temporary directory\nmkdir-p /temp/ImageStreamer\n\n\necho \"Check Image Streamer capture details\"\n-download /ImageStreamerCapture ./ImageStreamerCapture\n\nupload -<<END /temp/ImageStreamer/check_capture\n#!/bin/bash\nif [ -f ./ImageStreamerCapture ]; then\n    echo \"Capture details:\"\n    cat ./ImageStreamerCapture\nelse\n    echo\n    echo \"WARNING: RHEL 7.X Golden Image was not captured by Image Streamer.\"\n    echo \"Golden Image may not be prepared for correct personalization.\"\n    echo \"Recommend deploying Golden Image as is and capturing a new\"\n    echo \"Golden Image using Image Streamer via correct capture Build Plan\"\n    echo\nfi\necho\nEND\ndownload /temp/ImageStreamer/check_capture ./check_capture\n!source ./check_capture\n\n-rm-f /ImageStreamerCapture\n\necho \"Copy out rc.local\"\ndownload /etc/rc.d/rc.local rc.local\n#Take a backup\necho \"Take a backup of rc.local\"\ndownload /etc/rc.d/rc.local rc.local.backup\n\n#Setup rc.local file to run scripts at the boot time.\n!echo \"#The following commands has been added from the Image Streamer\" >> rc.local","customAttributes":null,"hpProvided":true,"dependentArtifacts":null}