{"type":"PlanScript","uri":null,"category":null,"eTag":null,"created":null,"modified":null,"id":"e16e84a4-5911-4581-afa8-e4310e583c88","name":"RHEL-configure-users-2018-06-27","description":"set root password and create user accounts","status":null,"state":null,"planType":"deploy","content":"# (c) Copyright 2017 Hewlett Packard Enterprise Development LP\n#\n# Licensed under the Apache License, Version 2.0 (the \"License\");\n# you may not use this file except in compliance with the License.\n# You may obtain a copy of the License at http://www.apache.org/licenses/LICENSE-2.0\n#\n# Unless required by applicable law or agreed to in writing, software distributed\n# under the License is distributed on an \"AS IS\" BASIS, WITHOUT WARRANTIES OR\n# CONDITIONS OF ANY KIND, either express or implied. See the License for the\n# specific language governing permissions and limitations under the License.\n\n# Change root's password \nupload -<<END /temp/change_root_passwd\n#! /bin/bash\necho \"@NewRootPassword@\" | passwd root --stdin\nunlink $0\nEND\n\n#users under /home directory will have to be removed manually\n#Script to add new user and create password for new user\nupload -<<END /temp/add_users\n#!/bin/bash\n#Add comments\nsed -i -e '$a\\#Following users have been added from Image Streamer' /etc/group\nsed -i -e '$a\\#Following users have been added from Image Streamer' /etc/passwd\n\nusers_string=\"@NewUser@\"\n\n#Users will be added with the same password. On first login users has to change their password.\npassword=\"@NewUserPassword@\"\nIFS=',; ' read -r -a array <<< \"$users_string\"\nfor user in \"${array[@]}\"\ndo\n\tif [ $(id -u) -eq 0 ]; then\n\t\t\tegrep \"$user\" /etc/passwd >/dev/null\n\t\t\tif [ $? -eq 0 ]; then\n\t\t\t\t\techo \"Warning: $user exists!\"\n\t\t\telse\n\t\t\t\t\tuseradd -m $user\n\t\t\t\t\techo $password | passwd $user --stdin\n\t\t\t\t\t[ $? -eq 0 ] && echo \"User $user has been added to system!\" || echo \"Failed to add a user!\"\n\t\t\tfi\n\telse\n\t\t\techo \"Error: Unable to add $user\"\n\tfi\ndone\nunlink $0\nEND\n\n#Add script to rc.local to run at boot time.\n!echo \"sh /temp/change_root_passwd\" >> rc.local\n\n#Add script to rc.local to run at boot time.\n!echo \"sh /temp/add_users\" >> rc.local","customAttributes":null,"hpProvided":true,"dependentArtifacts":null}