{"type":"OeBuildPlan","dependentArtifacts":null,"customAttributes":[],"buildStep":[{"planScriptName":"RHEL-7.3-mount-generalize-2017-03-15","planScriptUri":"/rest/plan-scripts/354e3f1c-c226-4272-a176-8d3cacc9f0ea","parameters":null,"serialNumber":"1"},{"planScriptName":"RHEL-7.3-generalize-host-2017-03-15","planScriptUri":"/rest/plan-scripts/c5f0af9b-b86c-4fa5-b288-7ae784e2a13f","parameters":null,"serialNumber":"2"},{"planScriptName":"RHEL-7.3-generalize-users-2017-03-15","planScriptUri":"/rest/plan-scripts/f3afedde-7939-48bd-aa13-6f3f5cb97bba","parameters":null,"serialNumber":"3"},{"planScriptName":"RHEL-7.3-generalize-network-2017-03-15","planScriptUri":"/rest/plan-scripts/d8f6bcbf-ef1d-4903-a273-2f1837572c24","parameters":null,"serialNumber":"4"},{"planScriptName":"RHEL-7.3-unmount-generalize-2017-03-15","planScriptUri":"/rest/plan-scripts/733fe063-5287-450c-911c-6775e495272e","parameters":null,"serialNumber":"5"}],"eTag":null,"created":null,"modified":null,"etag":null,"hpProvided":true,"buildPlanid":"432f1120-9be6-450f-9b3d-70982bdf33cf","oeBuildPlanType":"capture","description":"Remove personalization settings from RHEL 7.3.\n\n(c) Copyright 2017 Hewlett Packard Enterprise Development LP\n\nLicensed under the Apache License, Version 2.0 (the \"License\");...","category":null,"status":null,"uri":null,"name":"RHEL-7.3-generalize-2017-03-23"}
