{"type":"OeBuildPlan","dependentArtifacts":null,"customAttributes":[{"constraints":"{}","description":"","name":"FirstNicTeamName","value":"team0","type":"string"},{"constraints":"{\"unit\":\"GiB\"}","description":"","name":"LogicalVolumeSize","value":"15","type":"number"},{"constraints":"{\"options\":[\"Enabled\",\"Disabled\"]}","description":"","name":"SSH","value":"Enabled","type":"option"},{"constraints":"{}","description":"","name":"NewUsers","value":"","type":"string"},{"constraints":"{\"maxlen\":\"10\"}","description":"","name":"NewUsersPassword","value":"","type":"password"},{"constraints":"{}","description":"","name":"DiskName","value":"/dev/sda","type":"string"},{"constraints":"{\"unit\":\"GiB\"}","description":"","name":"FirstPartitionSize","value":"10","type":"number"},{"constraints":"{\"ipv4static\":false,\"ipv4dhcp\":true,\"ipv4disable\":true,\"parameters\":[\"mac\"]}","description":"","name":"Team1NIC2","value":null,"type":"nic"},{"constraints":"{\"unit\":\"GiB\"}","description":"","name":"SecondPartitionSize","value":"10","type":"number"},{"constraints":"{}","description":"","name":"TotalNicTeamings","value":"1","type":"string"},{"constraints":"{\"ipv4static\":true,\"ipv4dhcp\":true,\"ipv4disable\":true,\"parameters\":[\"dns1\",\"dns2\",\"domain\",\"gateway\",\"ipaddress\",\"mac\",\"netmask\"]}","description":"","name":"Team1NIC1","value":null,"type":"nic"},{"constraints":"{\"ipv4static\":false,\"ipv4dhcp\":true,\"ipv4disable\":true,\"parameters\":[\"mac\"]}","description":"","name":"Team0NIC2","value":null,"type":"nic"},{"constraints":"{}","description":"","name":"SecondNicTeamName","value":"team1","type":"string"},{"constraints":"{\"ipv4static\":true,\"ipv4dhcp\":true,\"ipv4disable\":true,\"parameters\":[\"dns1\",\"dns2\",\"domain\",\"gateway\",\"ipaddress\",\"mac\",\"netmask\"]}","description":"","name":"Team0NIC1","value":null,"type":"nic"},{"constraints":"{}","description":"","name":"LogicalVolumeName","value":"new_vol","type":"string"},{"constraints":"{\"helpText\":\"\"}","description":"","name":"DomainName","value":"","type":"fqdn"},{"constraints":"{\"maxlen\":\"10\"}","description":"","name":"NewRootPassword","value":"","type":"password"},{"constraints":"{}","description":"","name":"LogicalVolumeGroupName","value":"new_vol_group","type":"string"}],"buildStep":[{"planScriptName":"RHEL-7.3-mount-and-validate-2017-03-15","planScriptUri":"/rest/plan-scripts/eeeb4d2b-f60b-40e5-83ca-06a50aed183c","parameters":null,"serialNumber":"1"},{"planScriptName":"RHEL-7.3-configure-users-2017-03-15","planScriptUri":"/rest/plan-scripts/8fa961f5-c3bc-4077-b896-0ea6774f0cb2","parameters":null,"serialNumber":"2"},{"planScriptName":"RHEL-7.3-configure-multiple-NIC-teaming-2017-03-15","planScriptUri":"/rest/plan-scripts/65eb7d52-7d9a-4e5f-b894-099b1175dd4c","parameters":null,"serialNumber":"3"},{"planScriptName":"RHEL-7.3-configure-hostname-2017-03-15","planScriptUri":"/rest/plan-scripts/dcd6ad35-234b-46cf-b583-a3cd51c88c49","parameters":null,"serialNumber":"4"},{"planScriptName":"RHEL-7.3-manage-security-services-2017-03-15","planScriptUri":"/rest/plan-scripts/cdc47f3e-ed33-4c7a-ab3e-a1ccbf65a3bd","parameters":null,"serialNumber":"5"},{"planScriptName":"RHEL-7.3-configure-partition-using-LVM-2017-03-15","planScriptUri":"/rest/plan-scripts/13460988-e83b-4e29-a187-63f8b359986e","parameters":null,"serialNumber":"6"},{"planScriptName":"RHEL-7.3-unmount-2017-03-15","planScriptUri":"/rest/plan-scripts/1d9d469b-524a-403d-9084-e8d908291fbd","parameters":null,"serialNumber":"7"}],"eTag":null,"created":null,"modified":null,"etag":null,"hpProvided":true,"buildPlanid":"90f83f3a-868b-4d03-bb3e-e79d1583f7fc","oeBuildPlanType":"deploy","description":"Personalize RHEL 7.3 and configure NIC teamings.\n\n(c) Copyright 2017 Hewlett Packard Enterprise Development LP\n\nLicensed under the Apache License, Version 2.0 (the \"License\");...","category":null,"status":null,"uri":null,"name":"RHEL-7.3-personalize-and-NIC-teamings-LVM-BP-2017-03-23"}
